2018-01-01,00,Mon,5851185,55176,5790643,54851
2018-01-01,01,Mon,7236298,55139,7089189,54824
2018-01-01,02,Mon,7014327,55087,7099485,54775
2018-01-01,03,Mon,6307406,55032,6331009,54713
2018-01-01,04,Mon,6288393,55014,6256288,54692
2018-01-01,05,Mon,6086331,55004,6074027,54669
2018-01-01,06,Mon,6025878,54992,6007152,54664
2018-01-01,07,Mon,6326771,54986,6371057,54651
2018-01-01,08,Mon,5305223,54995,5329391,54642
2018-01-01,09,Mon,5130143,54993,5056305,54636
2018-01-01,10,Mon,6597728,54981,6436635,54633
2018-01-01,11,Mon,6579989,54959,6728503,54606
2018-01-01,12,Mon,6472751,54942,6382179,54594
2018-01-01,13,Mon,6622280,54925,6589735,54566
2018-01-01,14,Mon,7811220,54898,7689551,54534
2018-01-01,15,Mon,7060673,54870,7124366,54502
2018-01-01,16,Mon,6621120,54830,6565852,54452
2018-01-01,17,Mon,6228370,54809,6324534,54422
2018-01-01,18,Mon,5371078,54790,5353790,54424
2018-01-01,19,Mon,6069240,54785,6025533,54419
2018-01-01,20,Mon,5781060,54796,5799200,54436
2018-01-01,21,Mon,5523913,54788,5492501,54430
2018-01-01,22,Mon,6581074,54782,6508144,54422
2018-01-01,23,Mon,6090709,54815,6115145,54448
2018-01-02,00,Tue,6044737,54803,5963971,54421
2018-01-02,01,Tue,7488059,54783,7330393,54392
2018-01-02,02,Tue,7035002,54762,7110246,54355
2018-01-02,03,Tue,5998225,54755,6028137,54373
2018-01-02,04,Tue,6226796,54805,6215603,54437
2018-01-02,05,Tue,6333096,55103,6333702,54712
2018-01-02,06,Tue,6297328,55732,6352584,55416
2018-01-02,07,Tue,6785865,56603,6805678,56222
2018-01-02,08,Tue,11947242,59383,10926972,58779
2018-01-02,09,Tue,37130509,63053,32920101,61705
2018-01-02,10,Tue,55608895,63967,51014439,60906
2018-01-02,11,Tue,57204262,64131,53560568,60543
2018-01-02,12,Tue,56097502,63974,53844122,60499
2018-01-02,13,Tue,44709083,63243,48719661,60904
2018-01-02,14,Tue,26504709,61791,32054052,60531
2018-01-02,15,Tue,16804810,60626,19650927,59843
2018-01-02,16,Tue,14731995,59963,15184540,59155
2018-01-02,17,Tue,11762502,59505,12714919,58945
2018-01-02,18,Tue,7307263,59011,7844349,58543
2018-01-02,19,Tue,6497430,58520,6645193,58067
2018-01-02,20,Tue,5997987,58340,6049055,57882
2018-01-02,21,Tue,5852260,58230,5869769,57806
2018-01-02,22,Tue,7097617,58147,7037385,57718
2018-01-02,23,Tue,6435534,58086,6502694,57655
2018-01-03,00,Wed,6473367,58009,6426165,57583
2018-01-03,01,Wed,7375683,57871,7338616,57457
2018-01-03,02,Wed,6966911,57735,6980442,57313
2018-01-03,03,Wed,6640024,57604,6683533,57177
2018-01-03,04,Wed,6723122,57483,6696393,57104
2018-01-03,05,Wed,6517599,57612,6574061,57246
2018-01-03,06,Wed,6486686,58186,6715463,57895
2018-01-03,07,Wed,7275309,58996,7290558,58594
2018-01-03,08,Wed,14234459,61675,13024399,61014
2018-01-03,09,Wed,44402755,64958,39586076,63366
2018-01-03,10,Wed,62341475,65611,57941822,62087
2018-01-03,11,Wed,63740509,65687,59476001,61673
2018-01-03,12,Wed,60542549,65459,59178717,61757
2018-01-03,13,Wed,46028285,64545,50877526,62138
2018-01-03,14,Wed,25975091,63023,32486025,61821
2018-01-03,15,Wed,16034705,61889,18488601,61092
2018-01-03,16,Wed,15417300,61219,15605259,60423
2018-01-03,17,Wed,12288558,60795,13354244,60212
2018-01-03,18,Wed,7431571,60187,7933898,59758
2018-01-03,19,Wed,6438445,59788,6509219,59343
2018-01-03,20,Wed,5879933,59627,5970799,59187
2018-01-03,21,Wed,5944771,59501,5952812,59069
2018-01-03,22,Wed,7728704,59357,7711353,58918
2018-01-03,23,Wed,6364358,59274,6484075,58845
2018-01-04,00,Thu,6317691,59171,6243589,58763
2018-01-04,01,Thu,7837644,59056,7811532,58651
2018-01-04,02,Thu,7235317,58916,7269685,58510
2018-01-04,03,Thu,6447127,58798,6473107,58400
2018-01-04,04,Thu,6552636,58699,6571957,58325
2018-01-04,05,Thu,6760829,58802,6843649,58437
2018-01-04,06,Thu,7014485,59212,7161686,58921
2018-01-04,07,Thu,7458584,59788,7687363,59397
2018-01-04,08,Thu,11555751,61875,10658515,61289
2018-01-04,09,Thu,39463526,64964,34908043,63712
2018-01-04,10,Thu,60859787,65672,56129940,62265
2018-01-04,11,Thu,63375386,65801,59021629,61752
2018-01-04,12,Thu,63354258,65679,60147021,61626
2018-01-04,13,Thu,55650070,65140,57138386,61923
2018-01-04,14,Thu,36200655,63841,44424290,62171
2018-01-04,15,Thu,19950964,62233,24293064,61341
2018-01-04,16,Thu,16120202,61256,17028673,60339
2018-01-04,17,Thu,12414583,60701,13637488,60093
2018-01-04,18,Thu,7370320,60006,7976078,59509
2018-01-04,19,Thu,6405748,59468,6510001,58966
2018-01-04,20,Thu,5963167,59303,6035989,58830
2018-01-04,21,Thu,6333092,59186,6302861,58718
2018-01-04,22,Thu,7515231,59085,7565477,58657
2018-01-04,23,Thu,6413070,58993,6505371,58567
2018-01-05,00,Fri,6583015,58894,6509012,58441
2018-01-05,01,Fri,7988881,58743,7957923,58316
2018-01-05,02,Fri,7183844,58583,7250711,58122
2018-01-05,03,Fri,6369128,58434,6391714,58017
2018-01-05,04,Fri,6890280,58303,6940596,57901
2018-01-05,05,Fri,6709856,58327,6773151,57949
2018-01-05,06,Fri,6948097,58849,7116144,58537
2018-01-05,07,Fri,7300382,59567,7550544,59161
2018-01-05,08,Fri,13707211,62148,12514765,61552
2018-01-05,09,Fri,45555394,64918,40260548,63311
2018-01-05,10,Fri,62582674,65550,57964953,61971
2018-01-05,11,Fri,64118873,65691,59685535,61546
2018-01-05,12,Fri,62873715,65547,60007504,61498
2018-01-05,13,Fri,52402371,64777,56229031,61930
2018-01-05,14,Fri,30754571,63256,38583639,61825
2018-01-05,15,Fri,17476252,61813,20835649,60937
2018-01-05,16,Fri,15710471,61026,16474480,60160
2018-01-05,17,Fri,12170838,60545,13362669,59955
2018-01-05,18,Fri,7510791,59864,8086225,59407
2018-01-05,19,Fri,6545566,59364,6664036,58906
2018-01-05,20,Fri,5853573,59185,5899456,58725
2018-01-05,21,Fri,6062477,59096,6097502,58671
2018-01-05,22,Fri,7478731,58984,7471920,58568
2018-01-05,23,Fri,6156328,58934,6246932,58521
2018-01-06,00,Sat,6674083,58833,6517886,58435
2018-01-06,01,Sat,7739625,58694,7781897,58289
2018-01-06,02,Sat,6715545,58527,6732069,58125
2018-01-06,03,Sat,6633893,58366,6705604,57997
2018-01-06,04,Sat,6629249,58235,6679321,57871
2018-01-06,05,Sat,6796090,58369,6887885,58033
2018-01-06,06,Sat,6625449,58813,6790113,58516
2018-01-06,07,Sat,7360706,59950,7607640,59518
2018-01-06,08,Sat,22817978,63351,19894668,62602
2018-01-06,09,Sat,57532209,65116,52570038,62784
2018-01-06,10,Sat,64873150,65290,60584474,61445
2018-01-06,11,Sat,64236205,65221,60249753,61146
2018-01-06,12,Sat,56826352,64607,58141435,61335
2018-01-06,13,Sat,34531724,63054,42516265,61442
2018-01-06,14,Sat,14784511,61095,19375839,60324
2018-01-06,15,Sat,7310974,59967,8807240,59405
2018-01-06,16,Sat,6652155,59399,6845541,58917
2018-01-06,17,Sat,6324891,59081,6592717,58657
2018-01-06,18,Sat,6139932,58913,6135907,58534
2018-01-06,19,Sat,6347957,58800,6435975,58433
2018-01-06,20,Sat,5879856,58705,5945639,58345
2018-01-06,21,Sat,6108711,58616,6032863,58255
2018-01-06,22,Sat,7415089,58530,7373864,58153
2018-01-06,23,Sat,6110703,58429,6145994,58039
2018-01-07,00,Sun,6365966,58309,6338191,57945
2018-01-07,01,Sun,7287658,58169,7323271,57825
2018-01-07,02,Sun,6584364,57965,6657495,57616
2018-01-07,03,Sun,6459432,57728,6503717,57403
2018-01-07,04,Sun,6371996,57439,6380088,57096
2018-01-07,05,Sun,6635197,57152,6619668,56823
2018-01-07,06,Sun,6329659,56833,6297828,56491
2018-01-07,07,Sun,6038451,56569,6117981,56212
2018-01-07,08,Sun,5185733,56286,5225850,55908
2018-01-07,09,Sun,5640376,56037,5631867,55686
2018-01-07,10,Sun,6604274,55815,6591404,55468
2018-01-07,11,Sun,5826640,55647,5847599,55309
2018-01-07,12,Sun,6505732,55407,6464354,55073
2018-01-07,13,Sun,6760540,55241,6701402,54887
2018-01-07,14,Sun,6904464,55129,6930124,54778
2018-01-07,15,Sun,6175980,55064,6250938,54679
2018-01-07,16,Sun,6393536,54995,6357892,54626
2018-01-07,17,Sun,5718746,54950,5791109,54595
2018-01-07,18,Sun,5626227,54885,5553187,54538
2018-01-07,19,Sun,6016448,54851,6046131,54512
2018-01-07,20,Sun,5259090,54818,5277719,54477
2018-01-07,21,Sun,5978677,54780,5816813,54439
2018-01-07,22,Sun,6888750,54773,6953183,54442
2018-01-07,23,Sun,5479604,54764,5533509,54393
2018-01-08,00,Mon,6068307,54768,5961955,54415
2018-01-08,01,Mon,6676334,54723,6695143,54374
2018-01-08,02,Mon,6408320,54681,6409167,54334
2018-01-08,03,Mon,6078895,54694,6088286,54346
2018-01-08,04,Mon,6249313,54752,6267580,54415
2018-01-08,05,Mon,6257109,55032,6325201,54698
2018-01-08,06,Mon,6573914,55776,6787093,55484
2018-01-08,07,Mon,6676893,56808,6869102,56389
2018-01-08,08,Mon,12333710,59915,11264088,59191
2018-01-08,09,Mon,42442268,63890,37759119,62481
2018-01-08,10,Mon,62504533,64858,57913454,61417
2018-01-08,11,Mon,64912600,65082,60697560,61063
2018-01-08,12,Mon,63252906,65011,60235234,61082
2018-01-08,13,Mon,51231362,64240,56010354,61639
2018-01-08,14,Mon,28217293,62679,35416963,61373
2018-01-08,15,Mon,16678244,61353,19409921,60520
2018-01-08,16,Mon,15764125,60702,16200211,59886
2018-01-08,17,Mon,12428064,60387,13412967,59809
2018-01-08,18,Mon,7681857,59806,8209011,59344
2018-01-08,19,Mon,6120075,59330,6321319,58897
2018-01-08,20,Mon,5528460,59195,5562643,58742
2018-01-08,21,Mon,5882099,59089,5780225,58665
2018-01-08,22,Mon,6616157,58988,6685417,58557
2018-01-08,23,Mon,5894698,58942,5965923,58507
2018-01-09,00,Tue,6421109,58867,6334148,58447
2018-01-09,01,Tue,7466572,58742,7488401,58300
2018-01-09,02,Tue,6712483,58622,6739281,58207
2018-01-09,03,Tue,6512414,58461,6538746,58050
2018-01-09,04,Tue,6206506,58332,6234885,57955
2018-01-09,05,Tue,6446614,58397,6518551,58016
2018-01-09,06,Tue,6519232,58960,6802910,58627
2018-01-09,07,Tue,7001198,59828,7098933,59419
2018-01-09,08,Tue,16219778,62547,14383052,61847
2018-01-09,09,Tue,49965558,65067,44552994,63306
2018-01-09,10,Tue,64914978,65422,60333206,61775
2018-01-09,11,Tue,65376775,65455,61286181,61466
2018-01-09,12,Tue,58466477,64969,58621312,61591
2018-01-09,13,Tue,38058381,63545,45756278,61824
2018-01-09,14,Tue,18280197,61859,23258314,60937
2018-01-09,15,Tue,13207063,61082,14350761,60398
2018-01-09,16,Tue,15333150,60715,15103478,59911
2018-01-09,17,Tue,12159403,60468,13077313,59897
2018-01-09,18,Tue,7691094,59943,8225412,59479
2018-01-09,19,Tue,6278220,59518,6516234,59073
2018-01-09,20,Tue,5408876,59422,5546702,58993
2018-01-09,21,Tue,6312288,59321,6159280,58906
2018-01-09,22,Tue,6761655,59244,6895351,58799
2018-01-09,23,Tue,6033886,59180,6036581,58758
2018-01-10,00,Wed,6748712,59092,6676718,58688
2018-01-10,01,Wed,7890526,58978,7957909,58579
2018-01-10,02,Wed,6747334,58856,6753226,58431
2018-01-10,03,Wed,6451812,58725,6444119,58295
2018-01-10,04,Wed,6501176,58638,6498214,58200
2018-01-10,05,Wed,6799641,58712,6927572,58339
2018-01-10,06,Wed,6795333,59217,6966727,58922
2018-01-10,07,Wed,6854581,59832,7043828,59431
2018-01-10,08,Wed,12468334,62006,11444850,61459
2018-01-10,09,Wed,42339723,64882,37398299,63446
2018-01-10,10,Wed,62144185,65631,57562608,62096
2018-01-10,11,Wed,64371995,65736,59772754,61618
2018-01-10,12,Wed,63771941,65642,59989264,61502
2018-01-10,13,Wed,55314359,65074,57579258,61892
2018-01-10,14,Wed,35159032,63687,43818255,62130
2018-01-10,15,Wed,19420503,62072,23666035,61188
2018-01-10,16,Wed,16000325,61186,16838319,60325
2018-01-10,17,Wed,12222705,60692,13310967,60076
2018-01-10,18,Wed,7543367,60074,8131062,59565
2018-01-10,19,Wed,6196913,59617,6409116,59103
2018-01-10,20,Wed,5430668,59423,5473812,58927
2018-01-10,21,Wed,6345884,59323,6236927,58855
2018-01-10,22,Wed,6839454,59213,6978188,58775
2018-01-10,23,Wed,6339060,59125,6370924,58662
2018-01-11,00,Thu,6798832,59011,6688227,58574
2018-01-11,01,Thu,7048025,58895,7184889,58474
2018-01-11,02,Thu,6690858,58749,6674507,58327
2018-01-11,03,Thu,6742714,58576,6780311,58155
2018-01-11,04,Thu,6499532,58424,6494561,58022
2018-01-11,05,Thu,6534924,58503,6667090,58151
2018-01-11,06,Thu,6668469,58981,6900051,58681
2018-01-11,07,Thu,7036564,59710,7178714,59262
2018-01-11,08,Thu,13407561,62140,12092780,61510
2018-01-11,09,Thu,45985562,64991,40761131,63405
2018-01-11,10,Thu,63586994,65567,58923768,61846
2018-01-11,11,Thu,63078259,65712,58748652,61484
2018-01-11,12,Thu,61640550,63789,58789811,59624
2018-01-11,13,Thu,52416588,63417,56098412,60430
2018-01-11,14,Thu,30452583,62278,39266398,60884
2018-01-11,15,Thu,16822353,61078,20368650,60246
2018-01-11,16,Thu,15483107,60317,16174310,59542
2018-01-11,17,Thu,12023082,59979,13198131,59508
2018-01-11,18,Thu,7708677,59356,8330786,59028
2018-01-11,19,Thu,6112599,58949,6331263,58628
2018-01-11,20,Thu,5454908,58841,5417470,58521
2018-01-11,21,Thu,7134421,58783,6930562,58473
2018-01-11,22,Thu,7172619,58717,7341004,58420
2018-01-11,23,Thu,6054247,58657,6080092,58345
2018-01-12,00,Fri,7071577,58571,6888450,58266
2018-01-12,01,Fri,7617467,58452,7716543,58145
2018-01-12,02,Fri,6790613,58324,6750640,58010
2018-01-12,03,Fri,6546260,58169,6522775,57878
2018-01-12,04,Fri,6665623,58107,6610044,57820
2018-01-12,05,Fri,6925843,58170,6996425,57903
2018-01-12,06,Fri,6938381,58746,7142770,58563
2018-01-12,07,Fri,7196054,59626,7291003,59289
2018-01-12,08,Fri,17101844,62414,15103320,61915
2018-01-12,09,Fri,51617006,64919,45992020,63052
2018-01-12,10,Fri,64506491,65382,59772805,61488
2018-01-12,11,Fri,65063320,65517,60392479,61217
2018-01-12,12,Fri,61871077,65288,60057615,61281
2018-01-12,13,Fri,46595056,64225,52943250,61794
2018-01-12,14,Fri,23723780,62515,31810901,61456
2018-01-12,15,Fri,14453041,61293,16875973,60668
2018-01-12,16,Fri,15289946,60728,15516433,60065
2018-01-12,17,Fri,12051192,60437,13149380,60028
2018-01-12,18,Fri,7598289,59837,8136228,59544
2018-01-12,19,Fri,6208162,59415,6342088,59110
2018-01-12,20,Fri,5684797,59257,5665909,58973
2018-01-12,21,Fri,7177287,59174,7050192,58906
2018-01-12,22,Fri,6713751,59048,6809141,58779
2018-01-12,23,Fri,6181966,58977,6195735,58707
2018-01-13,00,Sat,7180261,58883,7019332,58612
2018-01-13,01,Sat,7523273,58768,7646347,58505
2018-01-13,02,Sat,6614792,58644,6609127,58386
2018-01-13,03,Sat,6687956,58480,6658268,58248
2018-01-13,04,Sat,6740783,58358,6754648,58123
2018-01-13,05,Sat,6783866,58445,6815572,58237
2018-01-13,06,Sat,6939596,59030,7194993,58877
2018-01-13,07,Sat,7910075,60527,7788945,60182
2018-01-13,08,Sat,31971265,63978,27766497,63208
2018-01-13,09,Sat,63249440,65116,58146340,62132
2018-01-13,10,Sat,66655839,65183,61464084,61066
2018-01-13,11,Sat,63318315,64966,60778892,61009
2018-01-13,12,Sat,49038728,63938,53528449,61371
2018-01-13,13,Sat,24368399,62000,32856541,61025
2018-01-13,14,Sat,9841369,60249,12960435,59782
2018-01-13,15,Sat,6271740,59501,6972018,59155
2018-01-13,16,Sat,6409914,59119,6562069,58813
2018-01-13,17,Sat,5815583,58904,5914908,58625
2018-01-13,18,Sat,6274485,58806,6197438,58541
2018-01-13,19,Sat,6100856,58743,6156661,58480
2018-01-13,20,Sat,5645854,58693,5621972,58436
2018-01-13,21,Sat,7144518,58615,6987262,58334
2018-01-13,22,Sat,6563221,58543,6647008,58262
2018-01-13,23,Sat,6099091,58468,6102404,58175
2018-01-14,00,Sun,7215900,58369,7073922,58103
2018-01-14,01,Sun,6963771,58229,7088615,57958
2018-01-14,02,Sun,6413199,58077,6370327,57806
2018-01-14,03,Sun,6654370,57896,6641696,57636
2018-01-14,04,Sun,6614881,57694,6543954,57429
2018-01-14,05,Sun,6760369,57435,6790905,57175
2018-01-14,06,Sun,6448790,57161,6450671,56879
2018-01-14,07,Sun,5570163,56888,5662079,56616
2018-01-14,08,Sun,5280226,56639,5180605,56380
2018-01-14,09,Sun,6391324,56376,6318165,56121
2018-01-14,10,Sun,6650879,56188,6702888,55922
2018-01-14,11,Sun,5827199,56043,5783340,55809
2018-01-14,12,Sun,6189835,55885,6170422,55632
2018-01-14,13,Sun,7401673,55779,7310717,55537
2018-01-14,14,Sun,6778663,55671,6869932,55426
2018-01-14,15,Sun,5983489,55514,5982899,55267
2018-01-14,16,Sun,6305435,55450,6326219,55185
2018-01-14,17,Sun,5856167,55407,5912015,55148
2018-01-14,18,Sun,5923151,55345,5859531,55093
2018-01-14,19,Sun,5884728,55300,5928212,55042
2018-01-14,20,Sun,5370878,55261,5300009,54995
2018-01-14,21,Sun,7070998,55222,6976473,54984
2018-01-14,22,Sun,6279835,55192,6350540,54944
2018-01-14,23,Sun,5958352,55170,5955388,54887
2018-01-15,00,Mon,6731332,55154,6632950,54901
2018-01-15,01,Mon,6695200,55100,6762364,54837
2018-01-15,02,Mon,6424955,55062,6385660,54833
2018-01-15,03,Mon,6753858,55059,6730424,54831
2018-01-15,04,Mon,6793576,55095,6761001,54869
2018-01-15,05,Mon,6587975,55384,6689490,55148
2018-01-15,06,Mon,6530405,56046,6750767,55895
2018-01-15,07,Mon,7140694,57527,7213526,57175
2018-01-15,08,Mon,19569816,61232,17313893,60536
2018-01-15,09,Mon,52224866,64199,47168818,62087
2018-01-15,10,Mon,64343481,64780,59696343,60924
2018-01-15,11,Mon,64753305,64915,60732977,60784
2018-01-15,12,Mon,59989727,64591,59039506,60951
2018-01-15,13,Mon,42425093,63377,49686552,61360
2018-01-15,14,Mon,20516180,61537,26814337,60639
2018-01-15,15,Mon,13766063,60415,15260729,59774
2018-01-15,16,Mon,15165289,59889,15184308,59194
2018-01-15,17,Mon,12264396,59599,13223111,59147
2018-01-15,18,Mon,8241590,59026,8784537,58686
2018-01-15,19,Mon,6316886,58565,6494536,58229
2018-01-15,20,Mon,5635762,58414,5558948,58080
2018-01-15,21,Mon,7563391,58301,7481816,57968
2018-01-15,22,Mon,6418898,58180,6498670,57843
2018-01-15,23,Mon,5992390,58123,5965652,57806
2018-01-16,00,Tue,6997245,58022,6917677,57721
2018-01-16,01,Tue,6862075,57843,6921422,57543
2018-01-16,02,Tue,6824268,57720,6810710,57377
2018-01-16,03,Tue,6682353,57604,6694124,57273
2018-01-16,04,Tue,6709963,57480,6666785,57168
2018-01-16,05,Tue,6873858,57547,6940559,57231
2018-01-16,06,Tue,6791330,58159,7073729,57923
2018-01-16,07,Tue,6908449,59245,6948099,58920
2018-01-16,08,Tue,20936355,62738,18153150,62105
2018-01-16,09,Tue,56124937,65039,50809080,62902
2018-01-16,10,Tue,65888308,65345,61322677,61542
2018-01-16,11,Tue,63844893,65269,60777498,61435
2018-01-16,12,Tue,50515775,64428,53740363,61730
2018-01-16,13,Tue,26632328,62634,34204199,61429
2018-01-16,14,Tue,12766829,61139,15808327,60433
2018-01-16,15,Tue,11676644,60666,12231174,60098
2018-01-16,16,Tue,14957087,60417,14595923,59721
2018-01-16,17,Tue,12476905,60246,13366424,59792
2018-01-16,18,Tue,8088114,59696,8599581,59347
2018-01-16,19,Tue,6159165,59242,6285426,58893
2018-01-16,20,Tue,5574695,59125,5568141,58790
2018-01-16,21,Tue,6935897,59008,6912527,58680
2018-01-16,22,Tue,6324098,58937,6381898,58623
2018-01-16,23,Tue,6121661,58841,6071440,58524
2018-01-17,00,Wed,7430724,58754,7347997,58465
2018-01-17,01,Wed,6739652,58622,6796351,58316
2018-01-17,02,Wed,6895130,58487,6836816,58162
2018-01-17,03,Wed,6627878,58342,6674078,58062
2018-01-17,04,Wed,6508002,58248,6475332,57986
2018-01-17,05,Wed,6556616,58333,6619739,58083
2018-01-17,06,Wed,6682662,58887,6910954,58691
2018-01-17,07,Wed,6677421,59781,6844911,59466
2018-01-17,08,Wed,15491972,62516,13869266,61947
2018-01-17,09,Wed,49010593,65068,43894876,63362
2018-01-17,10,Wed,63766317,65607,59041528,61884
2018-01-17,11,Wed,64539753,65685,60096681,61562
2018-01-17,12,Wed,61722004,65463,59186716,61550
2018-01-17,13,Wed,50626629,64636,54804620,61942
2018-01-17,14,Wed,28142978,63047,36959766,61939
2018-01-17,15,Wed,16059805,61612,19033245,60989
2018-01-17,16,Wed,15313228,60943,15677731,60231
2018-01-17,17,Wed,12067413,60573,13070615,60143
2018-01-17,18,Wed,8048887,59979,8610660,59662
2018-01-17,19,Wed,5825747,59530,6008511,59224
2018-01-17,20,Wed,5395997,59353,5345908,59046
2018-01-17,21,Wed,7056089,59251,7046215,58967
2018-01-17,22,Wed,6247769,59128,6279929,58855
2018-01-17,23,Wed,6275928,59024,6213948,58727
2018-01-18,00,Thu,7842613,58899,7733172,58622
2018-01-18,01,Thu,7002699,58726,7116080,58442
2018-01-18,02,Thu,6696971,58594,6659645,58266
2018-01-18,03,Thu,6520617,58448,6544133,58124
2018-01-18,04,Thu,6717667,58357,6647370,58043
2018-01-18,05,Thu,6736741,58469,6785082,58162
2018-01-18,06,Thu,6543672,59020,6810676,58801
2018-01-18,07,Thu,6633932,59942,6768314,59608
2018-01-18,08,Thu,17480353,62760,15285204,62182
2018-01-18,09,Thu,51472480,65149,46278251,63252
2018-01-18,10,Thu,63812955,65572,59201518,61763
2018-01-18,11,Thu,64800571,65652,60521676,61480
2018-01-18,12,Thu,60662364,65388,58994409,61526
2018-01-18,13,Thu,46115977,64354,51812876,61916
2018-01-18,14,Thu,24252646,62669,31966654,61582
2018-01-18,15,Thu,14525113,61378,16998755,60725
2018-01-18,16,Thu,14760408,60723,14975072,60031
2018-01-18,17,Thu,12004269,60379,12949645,59947
2018-01-18,18,Thu,7938501,59751,8391204,59417
2018-01-18,19,Thu,5967459,59305,6144509,58941
2018-01-18,20,Thu,5356175,59162,5359609,58850
2018-01-18,21,Thu,6997043,59025,6930146,58725
2018-01-18,22,Thu,6122041,58754,6059555,58405
2018-01-18,23,Thu,5923044,55566,5788884,54157
2018-01-19,00,Fri,6937854,55536,6764900,54392
2018-01-19,01,Fri,6138981,55458,6220643,54568
2018-01-19,02,Fri,6381592,55403,6409997,54725
2018-01-19,03,Fri,6289753,55330,6332838,54809
2018-01-19,04,Fri,6244872,55298,6281642,54899
2018-01-19,05,Fri,6274594,55478,6353191,55157
2018-01-19,06,Fri,6327956,56137,6631314,55924
2018-01-19,07,Fri,6628944,57200,6729338,56834
2018-01-19,08,Fri,18497638,60662,16133898,60019
2018-01-19,09,Fri,51951228,63485,46620735,61460
2018-01-19,10,Fri,63356380,64216,58696505,60405
2018-01-19,11,Fri,63894355,64624,59921373,60483
2018-01-19,12,Fri,59461706,64521,58009809,60767
2018-01-19,13,Fri,43584141,63516,50076736,61219
2018-01-19,14,Fri,22198618,62006,29497881,61004
2018-01-19,15,Fri,14275337,60859,16469001,60238
2018-01-19,16,Fri,14656545,60369,14945806,59732
2018-01-19,17,Fri,11810116,60106,12554469,59689
2018-01-19,18,Fri,7854340,59472,8388397,59166
2018-01-19,19,Fri,5866314,59036,6052181,58724
2018-01-19,20,Fri,5725911,58859,5681936,58541
2018-01-19,21,Fri,7727981,58778,7671580,58506
2018-01-19,22,Fri,6315252,58706,6406525,58447
2018-01-19,23,Fri,6450043,58630,6331746,58370
2018-01-20,00,Sat,7678625,58535,7633576,58268
2018-01-20,01,Sat,6691755,58410,6755515,58146
2018-01-20,02,Sat,6473128,58293,6449962,58043
2018-01-20,03,Sat,6408488,58131,6464837,57895
2018-01-20,04,Sat,6559472,58093,6518640,57867
2018-01-20,05,Sat,6823193,58214,6911991,58001
2018-01-20,06,Sat,6512768,58765,6741880,58609
2018-01-20,07,Sat,7865486,60381,7674204,60013
2018-01-20,08,Sat,32536324,63855,28444324,63164
2018-01-20,09,Sat,62066085,64915,56929696,62037
2018-01-20,10,Sat,65065464,64952,60766954,60998
2018-01-20,11,Sat,61976104,64660,59702614,60858
2018-01-20,12,Sat,48668786,63558,52731013,61067
2018-01-20,13,Sat,25058892,61640,32562894,60577
2018-01-20,14,Sat,9850964,59910,12981502,59366
2018-01-20,15,Sat,6397361,59073,7136787,58665
2018-01-20,16,Sat,6397463,58718,6573977,58390
2018-01-20,17,Sat,5797234,58520,5864627,58227
2018-01-20,18,Sat,6406697,58418,6363274,58132
2018-01-20,19,Sat,5837228,58320,5881236,58032
2018-01-20,20,Sat,6191379,58268,6157048,57992
2018-01-20,21,Sat,7284401,58195,7302755,57936
2018-01-20,22,Sat,6252278,58119,6251824,57838
2018-01-20,23,Sat,6304750,58024,6197089,57758
2018-01-21,00,Sun,7601317,57917,7547342,57657
2018-01-21,01,Sun,6452611,57784,6546430,57518
2018-01-21,02,Sun,6087522,57644,6037829,57389
2018-01-21,03,Sun,6620948,57466,6614370,57218
2018-01-21,04,Sun,6535447,57221,6504633,56990
2018-01-21,05,Sun,6899589,56962,6868801,56732
2018-01-21,06,Sun,6273519,56696,6327048,56441
2018-01-21,07,Sun,5173303,56453,5203224,56185
2018-01-21,08,Sun,6057310,56188,5887406,55936
2018-01-21,09,Sun,7217515,55939,7229019,55703
2018-01-21,10,Sun,5956959,55748,6010342,55529
2018-01-21,11,Sun,6445043,55576,6393193,55343
2018-01-21,12,Sun,6648118,55444,6498301,55196
2018-01-21,13,Sun,7793692,55303,7863521,55069
2018-01-21,14,Sun,6287889,55206,6334012,54963
2018-01-21,15,Sun,6567753,55119,6564180,54872
2018-01-21,16,Sun,5694228,55048,5730686,54781
2018-01-21,17,Sun,5716646,54997,5642947,54759
2018-01-21,18,Sun,6249440,54948,6258369,54717
2018-01-21,19,Sun,5616012,54901,5677603,54665
2018-01-21,20,Sun,5726248,54861,5595438,54619
2018-01-21,21,Sun,6939292,54831,6972287,54592
2018-01-21,22,Sun,5803333,54800,5790262,54541
2018-01-21,23,Sun,6438538,54770,6321541,54515
2018-01-22,00,Mon,7344737,54743,7332883,54486
2018-01-22,01,Mon,6046882,54720,6125850,54464
2018-01-22,02,Mon,6301120,54706,6227407,54459
2018-01-22,03,Mon,6321299,54695,6316062,54440
2018-01-22,04,Mon,6526653,54766,6503377,54525
2018-01-22,05,Mon,6404389,55012,6554474,54787
2018-01-22,06,Mon,6153088,55764,6377146,55624
2018-01-22,07,Mon,6803092,57460,6787939,57068
2018-01-22,08,Mon,21333112,61452,18960663,60774
2018-01-22,09,Mon,54320140,64260,49038265,62168
2018-01-22,10,Mon,65056960,64637,60790395,60958
2018-01-22,11,Mon,64797906,64802,61153220,60885
2018-01-22,12,Mon,58247644,64414,58860173,61129
2018-01-22,13,Mon,39359815,63211,46498579,61422
2018-01-22,14,Mon,18689879,61675,24467605,60852
2018-01-22,15,Mon,13089107,60860,14506482,60276
2018-01-22,16,Mon,14832299,60501,14771727,59855
2018-01-22,17,Mon,12495609,60317,13437452,59918
2018-01-22,18,Mon,8167819,59790,8631209,59409
2018-01-22,19,Mon,5920737,59347,5972535,58819
2018-01-22,20,Mon,5957939,59213,5823791,58701
2018-01-22,21,Mon,7360366,59126,7478357,58629
2018-01-22,22,Mon,6281089,58984,6263639,58495
2018-01-22,23,Mon,6638707,58947,6578357,58428
2018-01-23,00,Tue,7295226,58865,7305974,58361
2018-01-23,01,Tue,6386923,58723,6442960,58234
2018-01-23,02,Tue,6699880,58607,6613680,58055
2018-01-23,03,Tue,6514715,58465,6515879,57889
2018-01-23,04,Tue,6654351,58317,6579462,57666
2018-01-23,05,Tue,6543925,58404,6442441,57467
2018-01-23,06,Tue,6405914,58915,6169023,57108
2018-01-23,07,Tue,6739295,59886,6012241,56817
2018-01-23,08,Tue,21302361,62820,16035388,56666
2018-01-23,09,Tue,56229545,64881,43492051,55127
2018-01-23,10,Tue,66472690,65113,52939493,53328
2018-01-23,11,Tue,64024027,65025,51001988,52643
2018-01-23,12,Tue,51717951,64230,41875093,51827
2018-01-23,13,Tue,27453255,62509,22870095,50774
2018-01-23,14,Tue,12682610,61016,10692997,50121
2018-01-23,15,Tue,11665359,60604,9729303,45117
2018-01-23,16,Tue,14385325,60412,10844857,44996
2018-01-23,17,Tue,12731778,60228,10584835,45045
2018-01-23,18,Tue,8365064,59704,6979036,44830
2018-01-23,19,Tue,5803908,59265,4672395,44633
2018-01-23,20,Tue,6364987,59095,4944536,44536
2018-01-23,21,Tue,7077027,59002,5716837,44505
2018-01-23,22,Tue,5931764,58947,4633993,44469
2018-01-23,23,Tue,7235605,58863,5404229,44425
2018-01-24,00,Wed,7530189,58783,5872007,44373
2018-01-24,01,Wed,6384049,58627,5160034,44310
2018-01-24,02,Wed,6927455,58458,5279744,44251
2018-01-24,03,Wed,6488925,58320,5189324,44183
2018-01-24,04,Wed,6396097,58246,5102223,44116
2018-01-24,05,Wed,6755314,58331,5665389,44103
2018-01-24,06,Wed,6280100,58833,6058765,44240
2018-01-24,07,Wed,6296387,59576,5969484,44488
2018-01-24,08,Wed,13944375,61907,11896378,45313
2018-01-24,09,Wed,45569021,64729,32547489,46093
2018-01-24,10,Wed,62899342,65237,44205401,45683
2018-01-24,11,Wed,63599742,65346,143601722,60864
2018-01-24,12,Wed,61686164,64071,62192404,59065
2018-01-24,13,Wed,52199784,63610,61108448,59909
2018-01-24,14,Wed,31754307,62149,48301111,60227
2018-01-24,15,Wed,18131506,60577,25285088,59506
2018-01-24,16,Wed,15907621,59735,17340204,58826
2018-01-24,17,Wed,12326507,59292,13823509,58708
2018-01-24,18,Wed,7902103,58605,8943916,58197
2018-01-24,19,Wed,5789535,58140,6037878,57762
2018-01-24,20,Wed,5949401,57946,5840086,57590
2018-01-24,21,Wed,6511574,57862,6672391,57490
2018-01-24,22,Wed,5929220,57721,5912676,57384
2018-01-24,23,Wed,7487223,57638,7265051,57306
2018-01-25,00,Thu,8026651,57523,8113600,57166
2018-01-25,01,Thu,6649559,57413,6703864,57085
2018-01-25,02,Thu,6780075,57283,6755014,56966
2018-01-25,03,Thu,6189277,57164,6258097,56838
2018-01-25,04,Thu,6213449,57134,6203225,56851
2018-01-25,05,Thu,6442563,57269,6573831,56987
2018-01-25,06,Thu,6275292,57945,6817186,57706
2018-01-25,07,Thu,6356683,58848,6893414,58477
2018-01-25,08,Thu,15125860,61640,14111249,61022
2018-01-25,09,Thu,48688426,64705,43812100,63162
2018-01-25,10,Thu,64372303,65301,60155210,61826
2018-01-25,11,Thu,64594914,65355,60742688,61464
2018-01-25,12,Thu,62468955,65137,60226316,61345
2018-01-25,13,Thu,50323693,64276,54922253,61698
2018-01-25,14,Thu,27959335,62645,36287931,61505
2018-01-25,15,Thu,16470629,61284,19303024,60599
2018-01-25,16,Thu,15240923,60573,15576346,59879
2018-01-25,17,Thu,12486145,60214,13459982,59742
2018-01-25,18,Thu,7861130,59595,8481806,59254
2018-01-25,19,Thu,5698389,59136,5799108,58783
2018-01-25,20,Thu,6190954,59007,6054972,58680
2018-01-25,21,Thu,6452494,58922,6604158,58635
2018-01-25,22,Thu,6158838,58826,6102781,58520
2018-01-25,23,Thu,7996795,58744,7826148,58422
2018-01-26,00,Fri,8704542,58633,8791575,58357
2018-01-26,01,Fri,6538174,58496,6579622,58213
2018-01-26,02,Fri,6761846,58353,6742094,58079
2018-01-26,03,Fri,6301314,58179,6312850,57916
2018-01-26,04,Fri,6391810,58100,6360474,57829
2018-01-26,05,Fri,6546575,58175,6623081,57921
2018-01-26,06,Fri,6149251,58783,6391099,58601
2018-01-26,07,Fri,6722967,59709,6828942,59397
2018-01-26,08,Fri,18399047,62599,16495077,62118
2018-01-26,09,Fri,52723305,64954,47862333,63106
2018-01-26,10,Fri,65141329,65331,60756974,61688
2018-01-26,11,Fri,65365298,65404,61529758,61433
2018-01-26,12,Fri,60602837,65101,59434840,61500
2018-01-26,13,Fri,45436241,63926,50703586,61735
2018-01-26,14,Fri,23334684,62210,30287331,61226
2018-01-26,15,Fri,14689494,61113,17008093,60516
2018-01-26,16,Fri,14917594,60552,14998214,59911
2018-01-26,17,Fri,12171506,60263,12907600,59889
2018-01-26,18,Fri,7710202,59617,8297493,59336
2018-01-26,19,Fri,5649727,59162,5727607,58872
2018-01-26,20,Fri,6165786,59005,5970814,58724
2018-01-26,21,Fri,6465382,58954,6623594,58683
2018-01-26,22,Fri,6418359,58840,6349714,58591
2018-01-26,23,Fri,7916899,58772,7790876,58524
2018-01-27,00,Sat,7659461,58655,7701273,58400
2018-01-27,01,Sat,6624201,58520,6651009,58277
2018-01-27,02,Sat,6662981,58402,6664488,58164
2018-01-27,03,Sat,6266549,58266,6299967,58011
2018-01-27,04,Sat,6192488,58196,6183747,57986
2018-01-27,05,Sat,6456399,58297,6565082,58087
2018-01-27,06,Sat,6220904,58908,6477835,58717
2018-01-27,07,Sat,7372429,60312,7155013,59916
2018-01-27,08,Sat,31482754,63948,26850344,63227
2018-01-27,09,Sat,63153605,65048,57879880,62269
2018-01-27,10,Sat,66385271,65127,62146105,61246
2018-01-27,11,Sat,62744145,64883,60186133,61044
2018-01-27,12,Sat,49806765,63747,54318699,61184
2018-01-27,13,Sat,25031768,61706,33050704,60596
2018-01-27,14,Sat,10168171,59863,13240712,59327
2018-01-27,15,Sat,7101563,59066,7932031,58683
2018-01-27,16,Sat,6464350,58696,6623160,58365
2018-01-27,17,Sat,6297172,58504,6320923,58181
2018-01-27,18,Sat,6060793,58420,6095250,58118
2018-01-27,19,Sat,5570449,58330,5564261,58055
2018-01-27,20,Sat,7152576,58266,6991325,57981
2018-01-27,21,Sat,6755698,58198,6920060,57923
2018-01-27,22,Sat,6156787,58015,578819,56648
2018-01-28,07,Sun,5568549,56461,26045487,52422
2018-01-28,08,Sun,6452897,56206,44868575,56056
2018-01-28,09,Sun,6865570,55980,6915797,55605
2018-01-28,10,Sun,6495040,55754,6423042,55418
2018-01-28,11,Sun,6665737,55580,6731917,55271
2018-01-28,12,Sun,6929455,55442,6920725,55138
2018-01-28,13,Sun,6753032,55324,6826326,55050
2018-01-28,14,Sun,6445066,55218,6384192,54956
2018-01-28,15,Sun,6938832,55119,6993118,54857
2018-01-28,16,Sun,5863585,55062,5923960,54803
2018-01-28,17,Sun,5704436,54999,5697740,54739
2018-01-28,18,Sun,5740550,54949,5741957,54684
2018-01-28,19,Sun,5625579,54910,5581147,54650
2018-01-28,20,Sun,6720881,54871,6641522,54606
2018-01-28,21,Sun,6043038,54841,6109436,54578
2018-01-28,22,Sun,5969663,54788,5886217,54518
2018-01-28,23,Sun,7852548,54746,7738263,54467
2018-01-29,00,Mon,7582419,54732,7664119,54452
2018-01-29,01,Mon,6288901,54697,6308309,54409
2018-01-29,02,Mon,6402526,54673,6279235,54366
2018-01-29,03,Mon,6096343,54667,6161439,54409
2018-01-29,04,Mon,6344488,54741,6230297,54500
2018-01-29,05,Mon,6706661,55037,6818191,54800
2018-01-29,06,Mon,5726424,55823,6000453,55638
2018-01-29,07,Mon,6815267,57321,6912236,56955
2018-01-29,08,Mon,20815661,61209,18611220,60518
2018-01-29,09,Mon,53826663,64317,48506103,62333
2018-01-29,10,Mon,65521229,64813,60963275,61074
2018-01-29,11,Mon,65007503,64872,61354958,60869
2018-01-29,12,Mon,58745799,64380,59144234,60984
2018-01-29,13,Mon,38529895,62955,45972459,61110
2018-01-29,14,Mon,18608712,61212,24225449,60301
2018-01-29,15,Mon,13422698,60428,14789527,59765
2018-01-29,16,Mon,14714080,60083,14768933,59387
2018-01-29,17,Mon,12574767,59852,13543897,59413
2018-01-29,18,Mon,7774193,59369,8384147,59019
2018-01-29,19,Mon,6021949,58896,6112388,58563
2018-01-29,20,Mon,6905307,58789,6838593,58430
2018-01-29,21,Mon,6304931,58705,6408767,58373
2018-01-29,22,Mon,6357713,58556,6223646,58211
2018-01-29,23,Mon,8494057,58524,8400315,58183
2018-01-30,00,Tue,7609437,58419,7729195,58050
2018-01-30,01,Tue,6536159,58322,6540758,58013
2018-01-30,02,Tue,6598067,58180,6570291,57865
2018-01-30,03,Tue,6447191,58051,6425181,57739
2018-01-30,04,Tue,6407177,57970,6421611,57681
2018-01-30,05,Tue,6307587,58025,6406077,57729
2018-01-30,06,Tue,5610975,58686,5864195,58450
2018-01-30,07,Tue,6376854,59643,6393186,59363
2018-01-30,08,Tue,19468359,62700,17294975,62154
2018-01-30,09,Tue,55048380,65040,49826285,63071
2018-01-30,10,Tue,67043819,65327,62507830,61596
2018-01-30,11,Tue,64913722,65306,61656805,61415
2018-01-30,12,Tue,53677431,64530,56412726,61653
2018-01-30,13,Tue,29537771,62772,37015018,61427
2018-01-30,14,Tue,13524164,61224,16937669,60482
2018-01-30,15,Tue,12384818,60807,13128309,60302
2018-01-30,16,Tue,14827334,60607,14596484,59989
2018-01-30,17,Tue,12476234,60444,13164350,60030
2018-01-30,18,Tue,7713483,59867,8209742,59527
2018-01-30,19,Tue,6028737,59441,6115425,59120
2018-01-30,20,Tue,7141009,59316,7094698,59007
2018-01-30,21,Tue,6340045,59234,6386221,58923
2018-01-30,22,Tue,6428148,59124,6338330,58822
2018-01-30,23,Tue,8104543,59036,8049958,58735
2018-01-31,00,Wed,7642779,58959,7714046,58661
2018-01-31,01,Wed,6950421,58830,6918517,58542
2018-01-31,02,Wed,6881163,58721,6841438,58435
2018-01-31,03,Wed,6433767,58606,6345582,58307
2018-01-31,04,Wed,6481399,58516,6462847,58239
2018-01-31,05,Wed,6329369,58604,6359586,58340
2018-01-31,06,Wed,6003247,59184,6198455,58959
2018-01-31,07,Wed,6680927,59996,6559569,59651
2018-01-31,08,Wed,16826769,62577,14729152,62022
2018-01-31,09,Wed,49938580,65049,44221220,63379
2018-01-31,10,Wed,64094805,65481,59741236,61890
2018-01-31,11,Wed,64469509,65569,60433450,61624
2018-01-31,12,Wed,62285145,65413,60101250,61602
2018-01-31,13,Wed,50525321,64518,55420784,61976
2018-01-31,14,Wed,27771410,62877,36183719,61758
2018-01-31,15,Wed,16171811,61513,18976352,60839
2018-01-31,16,Wed,15142802,60828,15639645,60156
2018-01-31,17,Wed,12562064,60445,13457178,59983
2018-01-31,18,Wed,7640676,59783,8348353,59448
2018-01-31,19,Wed,6075946,59329,6107660,59018
2018-01-31,20,Wed,7313285,59164,7262167,58848
2018-01-31,21,Wed,6108270,59066,6236247,58769
2018-01-31,22,Wed,6276106,58957,6128573,58667
2018-01-31,23,Wed,8046629,58860,7985040,58579
2018-02-01,00,Thu,7500774,58731,7546862,58428
2018-02-01,01,Thu,7046533,58607,7053547,58324
2018-02-01,02,Thu,6848951,58481,6847602,58190
2018-02-01,03,Thu,6420525,58314,6432452,58037
2018-02-01,04,Thu,6587076,58191,6547251,57930
2018-02-01,05,Thu,6479814,58338,6604954,58080
2018-02-01,06,Thu,5778510,58934,5950337,58768
2018-02-01,07,Thu,6603166,59807,6641721,59480
2018-02-01,08,Thu,16249160,62400,14646436,61878
2018-02-01,09,Thu,50092476,65033,45227853,63426
2018-02-01,10,Thu,64850327,65467,60634910,61974
2018-02-01,11,Thu,64925727,65571,60847071,61617
2018-02-01,12,Thu,62237665,65328,60419744,61600
2018-02-01,13,Thu,49566362,64342,54039607,61829
2018-02-01,14,Thu,26624926,62756,34388702,61644
2018-02-01,15,Thu,15567819,61389,18152537,60728
2018-02-01,16,Thu,14961998,60827,15269696,60172
2018-02-01,17,Thu,12222846,60433,13101060,60009
2018-02-01,18,Thu,7629360,59760,8148679,59459
2018-02-01,19,Thu,5923677,59316,6004928,59032
2018-02-01,20,Thu,6620323,59162,6587574,58862
2018-02-01,21,Thu,6094766,59078,6125847,58773
2018-02-01,22,Thu,6440080,58974,6309015,58665
2018-02-01,23,Thu,8382574,58878,8359381,58565
2018-02-02,00,Fri,7226362,58769,7133858,58462
2018-02-02,01,Fri,7051513,58660,7072649,58361
2018-02-02,02,Fri,6519195,58503,6547321,58227
2018-02-02,03,Fri,6290126,58349,6225452,58065
2018-02-02,04,Fri,6295663,58234,6201697,57958
2018-02-02,05,Fri,6312402,58322,6447181,58053
2018-02-02,06,Fri,5711695,58942,5877943,58731
2018-02-02,07,Fri,6811036,59690,6619114,59345
2018-02-02,08,Fri,18480039,62577,16136526,61987
2018-02-02,09,Fri,52508155,64933,46969970,63202
2018-02-02,10,Fri,65046634,65344,60863771,61814
2018-02-02,11,Fri,64764282,65402,60514699,61465
2018-02-02,12,Fri,61525388,65141,60483321,61560
2018-02-02,13,Fri,45746905,64001,51874887,61809
2018-02-02,14,Fri,23236948,62347,30619827,61438
2018-02-02,15,Fri,14576581,61288,16730442,60677
2018-02-02,16,Fri,14619051,60780,14875620,60204
2018-02-02,17,Fri,12162673,60452,13134208,60066
2018-02-02,18,Fri,7268960,59819,7800020,59543
2018-02-02,19,Fri,5820088,59360,5881291,59084
2018-02-02,20,Fri,6620168,59242,6584490,58958
2018-02-02,21,Fri,5996207,59163,6082860,58834
2018-02-02,22,Fri,6579073,59046,6370894,58782
2018-02-02,23,Fri,8741433,58953,8747090,58677
2018-02-03,00,Sat,7366561,58862,7474385,58583
2018-02-03,01,Sat,6710390,58736,6720582,58474
2018-02-03,02,Sat,6535870,58604,6559701,58361
2018-02-03,03,Sat,6573784,58471,6565060,58226
2018-02-03,04,Sat,6631726,58414,6631030,58187
2018-02-03,05,Sat,6186135,58532,6331008,58311
2018-02-03,06,Sat,5736610,59089,5928277,58887
2018-02-03,07,Sat,7674975,60392,7496124,60105
2018-02-03,08,Sat,28672730,63656,25403607,63074
2018-02-03,09,Sat,61417762,65026,56839090,62697
2018-02-03,10,Sat,66654904,65093,62777928,61580
2018-02-03,11,Sat,64399637,64893,61427772,61302
2018-02-03,12,Sat,53236575,64062,55892498,61412
2018-02-03,13,Sat,29828543,62135,37255139,60979
2018-02-03,14,Sat,11942773,60287,15429309,59720
2018-02-03,15,Sat,7281359,59313,8073653,58898
2018-02-03,16,Sat,6220520,58858,6473005,58528
2018-02-03,17,Sat,6264474,58633,6341532,58328
2018-02-03,18,Sat,5872663,58512,5909795,58210
2018-02-03,19,Sat,5687686,58420,5689223,58139
2018-02-03,20,Sat,6980285,58352,6939766,58083
2018-02-03,21,Sat,6216604,57989,818680,50499
2018-02-05,02,Mon,6060452,54729,63979494,55258
2018-02-05,03,Mon,6168644,54728,69759702,54985
2018-02-05,04,Mon,6398980,54794,35183844,54641
2018-02-05,05,Mon,5981893,55050,16083690,48820
2018-02-05,06,Mon,5460939,55817,29227503,55783
2018-02-05,07,Mon,6616287,56817,7169236,56555
2018-02-05,08,Mon,13736413,59888,13505043,59351
2018-02-05,09,Mon,44088661,63634,39530547,62053
2018-02-05,10,Mon,64150853,64345,57667759,60703
2018-02-05,11,Mon,64783167,64260,62964851,60062
2018-02-05,12,Mon,62641573,63985,59881409,59879
2018-02-05,13,Mon,49287543,63170,53136480,59930
2018-02-05,14,Mon,25573731,60466,34043248,58519
2018-02-05,15,Mon,15433974,59499,20091092,58824
2018-02-05,16,Mon,14504783,59155,14807139,58468
2018-02-05,17,Mon,11835252,58929,12828272,58484
2018-02-05,18,Mon,7234897,58401,7556665,57998
2018-02-05,19,Mon,6378440,58017,6333179,57460
2018-02-05,20,Mon,6938089,57932,6999084,57407
2018-02-05,21,Mon,6037731,57891,6186988,57386
2018-02-05,22,Mon,6680268,57781,6593818,57306
2018-02-05,23,Mon,8065463,57751,8176535,57317
2018-02-06,00,Tue,6769392,57692,6835289,57242
2018-02-06,01,Tue,6240859,57586,6325405,57120
2018-02-06,02,Tue,6244701,57488,6053547,56946
2018-02-06,03,Tue,6362712,57376,6398071,56722
2018-02-06,04,Tue,6838302,57283,6608512,56536
2018-02-06,05,Tue,6087447,57329,6270402,56269
2018-02-06,06,Tue,5364841,57897,5083833,56001
2018-02-06,07,Tue,7177603,58677,6331083,55725
2018-02-06,08,Tue,18266866,61493,13868633,55595
2018-02-06,09,Tue,51664118,64168,40069622,54553
2018-02-06,10,Tue,64940125,64483,53409305,52655
2018-02-06,11,Tue,64931185,64383,51078871,51820
2018-02-06,12,Tue,56658868,63940,45548418,51127
2018-02-06,13,Tue,33969288,62566,26913606,50143
2018-02-06,14,Tue,15528444,61001,12754771,49290
2018-02-06,15,Tue,12236997,60352,9757617,48869
2018-02-06,16,Tue,14242883,60085,10885562,48602
2018-02-06,17,Tue,12227288,59881,9593050,48278
2018-02-06,18,Tue,7331572,59361,5963260,47959
2018-02-06,19,Tue,6382058,58919,5766381,47852
2018-02-06,20,Tue,6898541,58797,5756236,47755
2018-02-06,21,Tue,5953843,58726,4958390,47682
2018-02-06,22,Tue,7237590,58622,5843386,47572
2018-02-06,23,Tue,8074238,58540,6702616,47481
2018-02-07,00,Wed,6639275,58463,5482052,47424
2018-02-07,01,Wed,6629774,58387,5208234,47343
2018-02-07,02,Wed,6255238,58304,5164034,47252
2018-02-07,03,Wed,6549676,58193,5420003,47167
2018-02-07,04,Wed,6354802,58099,5278316,47055
2018-02-07,05,Wed,5909627,58268,4890622,46938
2018-02-07,06,Wed,5413828,58859,4291262,46797
2018-02-07,07,Wed,6914882,59539,5205912,46661
2018-02-07,08,Wed,13984721,61835,9363837,46308
2018-02-07,09,Wed,44653537,64558,28976502,46428
2018-02-07,10,Wed,62643530,65104,44163552,46603
2018-02-07,11,Wed,63469976,64812,44927774,43060
2018-02-07,12,Wed,62683334,64672,44268140,43349
2018-02-07,13,Wed,54267399,64049,50448168,44443
2018-02-07,14,Wed,32694981,62668,39949390,45609
2018-02-07,15,Wed,18053071,61222,17198646,45347
2018-02-07,16,Wed,15155296,60316,128785676,59530
2018-02-07,17,Wed,12013112,59164,23113752,58515
2018-02-07,18,Wed,7182687,58656,8284154,58141
2018-02-07,19,Wed,6628618,58283,7040453,57861
2018-02-07,20,Wed,6926453,58165,7263591,57771
2018-02-07,21,Wed,6078247,58086,6180702,57753
2018-02-07,22,Wed,7058558,57993,7024496,57699
2018-02-07,23,Wed,7647628,57954,7824226,57650
2018-02-08,00,Thu,6655068,57876,6693784,57589
2018-02-08,01,Thu,7027499,57791,7177287,57517
2018-02-08,02,Thu,6274834,57693,6341336,57416
2018-02-08,03,Thu,6449233,57571,6603758,57325
2018-02-08,04,Thu,6249750,57505,6759788,57276
2018-02-08,05,Thu,5971213,57634,7702383,57406
2018-02-08,06,Thu,5458282,58199,9632634,58057
2018-02-08,07,Thu,7094231,59168,12641988,58966
2018-02-08,08,Thu,16611586,61898,27211923,61572
2018-02-08,09,Thu,49711193,64489,52466814,62957
2018-02-08,10,Thu,63898640,65064,61583841,61893
2018-02-08,11,Thu,64945044,65197,60650502,61539
2018-02-08,12,Thu,62659603,65072,61762748,61571
2018-02-08,13,Thu,50404071,64240,55048890,61889
2018-02-08,14,Thu,27186196,62668,33790633,61564
2018-02-08,15,Thu,15561054,61369,17657325,60648
2018-02-08,16,Thu,15060006,60703,15529601,60001
2018-02-08,17,Thu,12521832,60346,13315080,59816
2018-02-08,18,Thu,7435507,59699,8045747,59283
2018-02-08,19,Thu,7294498,59236,7394138,58909
2018-02-08,20,Thu,6872881,59097,6906896,58777
2018-02-08,21,Thu,5849067,59003,6064387,58711
2018-02-08,22,Thu,7107740,58875,6920133,58587
2018-02-08,23,Thu,7613294,58779,7606346,58496
2018-02-09,00,Fri,8935879,58699,8618984,58420
2018-02-09,01,Fri,7629703,58599,7763653,58309
2018-02-09,02,Fri,6572232,58459,6592190,58096
2018-02-09,03,Fri,6655060,58326,6903607,58019
2018-02-09,04,Fri,6890267,58221,6916711,57956
2018-02-09,05,Fri,6147455,58315,6254383,58095
2018-02-09,06,Fri,5681772,58936,5798673,58760
2018-02-09,07,Fri,7424642,59794,7501533,59502
2018-02-09,08,Fri,20566822,62797,19076700,62367
2018-02-09,09,Fri,54315343,64912,49155498,63112
2018-02-09,10,Fri,64539587,65173,60191985,61813
2018-02-09,11,Fri,64657933,65212,60599584,61521
2018-02-09,12,Fri,60311013,64879,60150182,61469
2018-02-09,13,Fri,44378404,63817,50286922,61765
2018-02-09,14,Fri,22490502,62145,28834225,61235
2018-02-09,15,Fri,14274759,61080,15902648,60457
2018-02-09,16,Fri,14462117,60561,14303693,59916
2018-02-09,17,Fri,11958424,60187,13242572,59762
2018-02-09,18,Fri,7269626,59564,7512302,59187
2018-02-09,19,Fri,6938122,59051,7006516,58753
2018-02-09,20,Fri,6527414,58897,6584782,58560
2018-02-09,21,Fri,5790518,58829,5969597,58534
2018-02-09,22,Fri,7327885,58730,7156611,58439
2018-02-09,23,Fri,7586300,58651,7600580,58359
2018-02-10,00,Sat,6961863,58562,6806005,58297
2018-02-10,01,Sat,6728245,58456,6774840,58185
2018-02-10,02,Sat,6216736,58357,6163788,58088
2018-02-10,03,Sat,6408972,58241,6407527,58000
2018-02-10,04,Sat,6219581,58152,6208376,57902
2018-02-10,05,Sat,5683783,58336,6079765,58101
2018-02-10,06,Sat,5289033,58895,5369737,58675
2018-02-10,07,Sat,8127727,60261,7964871,59958
2018-02-10,08,Sat,30793794,63722,27727793,63089
2018-02-10,09,Sat,62319463,64864,57065930,62484
2018-02-10,10,Sat,65512372,64888,61508474,61414
2018-02-10,11,Sat,63904650,64704,60824693,61218
2018-02-10,12,Sat,52533112,63865,55253714,61311
2018-02-10,13,Sat,28812151,61895,36601900,60762
2018-02-10,14,Sat,12012422,59918,15329480,59346
2018-02-10,15,Sat,6773385,58980,7718846,58565
2018-02-10,16,Sat,6421280,58539,6772013,58212
2018-02-10,17,Sat,6275255,58326,6363485,58007
2018-02-10,18,Sat,5558948,58159,5546020,57838
2018-02-10,19,Sat,6829217,58037,6701992,57762
2018-02-10,20,Sat,6597878,57969,6716871,57692
2018-02-10,21,Sat,6078153,57872,6088893,57606
2018-02-10,22,Sat,7771130,57776,7298778,57491
2018-02-10,23,Sat,8158423,57642,8391955,57373
2018-02-11,00,Sun,6867235,57533,6887271,57246
2018-02-11,01,Sun,6780886,57394,6922938,57135
2018-02-11,02,Sun,6365974,57239,6154829,56983
2018-02-11,03,Sun,6264620,57072,6382964,56819
2018-02-11,04,Sun,6294338,56852,6135300,56596
2018-02-11,05,Sun,5540860,56614,5770646,56366
2018-02-11,06,Sun,5344579,56335,5192204,56079
2018-02-11,07,Sun,6892792,56090,6732587,55799
2018-02-11,08,Sun,7310922,55826,7341974,55525
2018-02-11,09,Sun,6240091,55613,6187438,55352
2018-02-11,10,Sun,6575652,55407,6632362,55166
2018-02-11,11,Sun,7411811,55279,7329143,54997
2018-02-11,12,Sun,7883359,55148,7952154,54897
2018-02-11,13,Sun,7029051,54992,7148564,54746
2018-02-11,14,Sun,6672893,54920,6443429,54663
2018-02-11,15,Sun,5789633,54853,5942892,54587
2018-02-11,16,Sun,5742878,54787,5772213,54509
2018-02-11,17,Sun,5502161,54731,5616290,54453
2018-02-11,18,Sun,5046851,54684,4852384,54430
2018-02-11,19,Sun,6418921,54636,6366677,54398
2018-02-11,20,Sun,6073784,54599,6229412,54363
2018-02-11,21,Sun,5975095,54562,5737940,54300
2018-02-11,22,Sun,7251887,54538,7258024,54301
2018-02-11,23,Sun,6930378,54496,6844114,54239
2018-02-12,00,Mon,6637011,54472,6673589,54219
2018-02-12,01,Mon,6279959,54449,6458946,54198
2018-02-12,02,Mon,6001105,54427,5806045,54170
2018-02-12,03,Mon,6005087,54424,6103422,54167
2018-02-12,04,Mon,6181931,54464,5952247,54214
2018-02-12,05,Mon,5687134,54804,5950329,54543
2018-02-12,06,Mon,5393865,55585,5521814,55389
2018-02-12,07,Mon,7957874,57099,7960875,56794
2018-02-12,08,Mon,21771300,61118,19262657,60304
2018-02-12,09,Mon,53930483,63931,50901412,62153
2018-02-12,10,Mon,63764739,64373,60147795,61154
2018-02-12,11,Mon,64383811,64498,58501246,60982
2018-02-12,12,Mon,58793007,64091,59902267,61138
2018-02-12,13,Mon,39973772,62910,46508078,61226
2018-02-12,14,Mon,19958392,61485,24889287,60632
2018-02-12,15,Mon,13221310,60623,14599014,59980
2018-02-12,16,Mon,14422777,60252,14269628,59579
2018-02-12,17,Mon,11886769,59989,12677232,59515
2018-02-12,18,Mon,7247687,59471,7893367,59117
2018-02-12,19,Mon,7432563,59004,7593685,58643
2018-02-12,20,Mon,6515452,58862,6527157,58516
2018-02-12,21,Mon,6126807,58771,5978913,58428
2018-02-12,22,Mon,8248392,58647,7998897,58299
2018-02-12,23,Mon,7664811,58552,7786218,58219
2018-02-13,00,Tue,7127713,58477,7330426,58136
2018-02-13,01,Tue,6575978,58351,6626246,58035
2018-02-13,02,Tue,6271717,58251,6231799,57940
2018-02-13,03,Tue,6777748,58097,6699316,57815
2018-02-13,04,Tue,6766101,58012,6820736,57759
2018-02-13,05,Tue,5955626,58107,6052350,57860
2018-02-13,06,Tue,5729040,58768,5781306,58547
2018-02-13,07,Tue,8075867,59798,8124681,59481
2018-02-13,08,Tue,22383306,62988,20668908,62478
2018-02-13,09,Tue,57118602,64820,51838492,62923
2018-02-13,10,Tue,65029075,65051,60925413,61773
2018-02-13,11,Tue,63193086,64925,60099613,61616
2018-02-13,12,Tue,50676243,64060,53521970,61690
2018-02-13,13,Tue,26441773,62274,33567666,61225
2018-02-13,14,Tue,12971983,60766,15550265,60074
2018-02-13,15,Tue,11579170,60326,12380122,59816
2018-02-13,16,Tue,14216492,60068,13895538,59483
2018-02-13,17,Tue,12057503,59825,12811951,59412
2018-02-13,18,Tue,7471544,59330,7660974,59005
2018-02-13,19,Tue,7392833,58916,7605086,58609
2018-02-13,20,Tue,6359169,58771,6320150,58472
2018-02-13,21,Tue,6223888,58675,6072683,58388
2018-02-13,22,Tue,8139479,58565,7927991,58282
2018-02-13,23,Tue,7437333,58500,7561874,58215
2018-02-14,00,Wed,7368494,58430,7561345,58148
2018-02-14,01,Wed,6973694,58340,6982304,58061
2018-02-14,02,Wed,6374372,58231,6342116,57953
2018-02-14,03,Wed,6743701,58114,6712066,57852
2018-02-14,04,Wed,6713326,58031,6772312,57773
2018-02-14,05,Wed,5541263,58225,5637843,57985
2018-02-14,06,Wed,5631350,58780,5635288,58572
2018-02-14,07,Wed,8005373,59506,8141076,59225
2018-02-14,08,Wed,14932520,61984,13657293,61461
2018-02-14,09,Wed,46789366,64722,41431467,63417
2018-02-14,10,Wed,62923287,65216,60690111,62168
2018-02-14,11,Wed,64355093,65346,60030745,61750
2018-02-14,12,Wed,62688878,65162,59170599,61554
2018-02-14,13,Wed,52652184,64478,56541331,61837
2018-02-14,14,Wed,32088292,62954,38980760,61623
2018-02-14,15,Wed,17566261,61387,21001165,60670
2018-02-14,16,Wed,15654894,60511,15835629,59859
2018-02-14,17,Wed,12224698,60062,13534931,59629
2018-02-14,18,Wed,7588497,59425,7787350,59057
2018-02-14,19,Wed,7746642,58924,7996657,58626
2018-02-14,20,Wed,6505617,58753,6470828,58459
2018-02-14,21,Wed,6560059,58622,6330807,58316
2018-02-14,22,Wed,8585457,58461,8829475,58137
2018-02-14,23,Wed,7338319,58369,7376356,58034
2018-02-15,00,Thu,7160621,58300,7085587,57973
2018-02-15,01,Thu,6941563,58197,7045664,57904
2018-02-15,02,Thu,6680878,58070,6700012,57806
2018-02-15,03,Thu,6785900,57908,6821585,57646
2018-02-15,04,Thu,6532221,57835,6284113,57570
2018-02-15,05,Thu,5642866,57986,5836139,57726
2018-02-15,06,Thu,5887360,58585,6211465,58415
2018-02-15,07,Thu,7828144,59457,7636542,59162
2018-02-15,08,Thu,17436051,62324,16234131,61875
2018-02-15,09,Thu,51736623,64806,46610707,63174
2018-02-15,10,Thu,63792175,65211,59202618,61870
2018-02-15,11,Thu,64505036,65303,60128883,61594
2018-02-15,12,Thu,62131788,65063,61576894,61637
2018-02-15,13,Thu,47895839,64235,52786899,61955
2018-02-15,14,Thu,26251679,62637,32859295,61572
2018-02-15,15,Thu,15313301,61308,17551728,60684
2018-02-15,16,Thu,14938736,60672,15428367,60028
2018-02-15,17,Thu,12053876,60301,12830494,59868
2018-02-15,18,Thu,7460478,59667,8073748,59387
2018-02-15,19,Thu,7855174,59161,8046424,58863
2018-02-15,20,Thu,6356956,58998,6297121,58686
2018-02-15,21,Thu,6508640,58895,6643761,58595
2018-02-15,22,Thu,7977758,58810,7877159,58534
2018-02-15,23,Thu,7018513,58696,7011451,58414
2018-02-16,00,Fri,7266936,58605,7128676,58344
2018-02-16,01,Fri,6794847,58441,6851551,58177
2018-02-16,02,Fri,6529068,58301,6427844,58019
2018-02-16,03,Fri,6757346,58150,6755088,57886
2018-02-16,04,Fri,6547988,58068,6582405,57800
2018-02-16,05,Fri,5667553,58204,5826745,57886
2018-02-16,06,Fri,5853661,58739,6171124,58600
2018-02-16,07,Fri,7986630,59617,7738842,59265
2018-02-16,08,Fri,19667004,62655,18007981,62162
2018-02-16,09,Fri,54175382,64814,48905833,63057
2018-02-16,10,Fri,64752141,65159,60321221,61860
2018-02-16,11,Fri,64921793,65234,60674650,61604
2018-02-16,12,Fri,60915893,64891,60848142,61566
2018-02-16,13,Fri,43883852,63827,49855024,61844
2018-02-16,14,Fri,22171394,62160,28780129,61250
2018-02-16,15,Fri,13836352,61040,15396539,60427
2018-02-16,16,Fri,14914743,60532,15400749,59926
2018-02-16,17,Fri,11867734,60237,12570184,59856
2018-02-16,18,Fri,7510888,59593,7995663,59321
2018-02-16,19,Fri,7943073,59133,7860987,58868
2018-02-16,20,Fri,6175345,59003,6409031,58738
2018-02-16,21,Fri,6644248,58931,6387269,58677
2018-02-16,22,Fri,7934575,58813,7833408,58571
2018-02-16,23,Fri,7028500,58726,7355447,58488
2018-02-17,00,Sat,7263191,58624,7155717,58369
2018-02-17,01,Sat,6789989,58504,6789826,58250
2018-02-17,02,Sat,6497516,58361,6399789,58082
2018-02-17,03,Sat,6796834,58226,6748855,57979
2018-02-17,04,Sat,6589810,58130,6649373,57906
2018-02-17,05,Sat,5533646,58245,5663994,58017
2018-02-17,06,Sat,5796461,58888,5761142,58695
2018-02-17,07,Sat,9234787,60433,8889955,60087
2018-02-17,08,Sat,34495583,63860,30258177,63182
2018-02-17,09,Sat,63820705,64849,61264085,62385
2018-02-17,10,Sat,65987051,64929,61778588,61469
2018-02-17,11,Sat,62513537,64685,59653298,61300
2018-02-17,12,Sat,48742449,63709,51988748,61401
2018-02-17,13,Sat,24334124,61794,31945088,60867
2018-02-17,14,Sat,10043474,60167,12684304,59676
2018-02-17,15,Sat,6284955,59446,6920217,59091
2018-02-17,16,Sat,6254526,59110,6445021,58810
2018-02-17,17,Sat,5983196,58896,5986825,58626
2018-02-17,18,Sat,5569661,58754,5460875,58501
2018-02-17,19,Sat,6857410,58689,7050562,58431
2018-02-17,20,Sat,6167433,58636,6123590,58381
2018-02-17,21,Sat,6815775,58565,6599107,58310
2018-02-17,22,Sat,8282061,58504,8234527,58240
2018-02-17,23,Sat,6822589,58412,6871237,58164
2018-02-18,00,Sun,7074182,58316,7023724,58064
2018-02-18,01,Sun,6501053,58185,6548976,57948
2018-02-18,02,Sun,6422017,58057,6361453,57806
2018-02-18,03,Sun,6623574,57868,6629631,57616
2018-02-18,04,Sun,6364913,57659,6444068,57401
2018-02-18,05,Sun,5327307,57438,5453554,57176
2018-02-18,06,Sun,5773263,57155,5443561,56901
2018-02-18,07,Sun,7276074,56936,7390689,56646
2018-02-18,08,Sun,6204760,56707,6166829,56455
2018-02-18,09,Sun,6818323,56440,6603630,56204
2018-02-18,10,Sun,6794222,56249,6957561,55998
2018-02-18,11,Sun,8279324,56091,8204356,55846
2018-02-18,12,Sun,7031648,55894,7033823,55647
2018-02-18,13,Sun,7432593,55805,7424682,55532
2018-02-18,14,Sun,6439465,55735,6430585,55475
2018-02-18,15,Sun,5832133,55665,5780134,55401
2018-02-18,16,Sun,6053457,55601,6019243,55340
2018-02-18,17,Sun,5288967,55562,5339340,55308
2018-02-18,18,Sun,5326264,55499,5240059,55251
2018-02-18,19,Sun,6764648,55459,6743389,55195
2018-02-18,20,Sun,6007677,55437,6029497,55144
2018-02-18,21,Sun,6861195,55407,6648883,55145
2018-02-18,22,Sun,8623206,55369,8635642,55088
2018-02-18,23,Sun,6732195,55326,6879440,55059
2018-02-19,00,Mon,6767520,55334,6727357,55039
2018-02-19,01,Mon,6373428,55319,6427422,55045
2018-02-19,02,Mon,6287478,55288,6249081,55023
2018-02-19,03,Mon,6532581,55275,6523575,55017
2018-02-19,04,Mon,6131060,55337,6168676,55084
2018-02-19,05,Mon,5223016,55606,5290239,55349
2018-02-19,06,Mon,6148029,56334,6068212,56121
2018-02-19,07,Mon,8667701,57770,8646468,57404
2018-02-19,08,Mon,21878592,61558,20269723,60976
2018-02-19,09,Mon,55019985,64203,49949112,62259
2018-02-19,10,Mon,65074210,64563,61152994,61152
2018-02-19,11,Mon,64639417,64663,61171529,61071
2018-02-19,12,Mon,58309637,64210,57380462,61076
2018-02-19,13,Mon,37686687,62852,45098811,61164
2018-02-19,14,Mon,17614206,61239,22955489,60378
2018-02-19,15,Mon,12402541,60475,13639874,59888
2018-02-19,16,Mon,14557261,60096,14283572,59391
2018-02-19,17,Mon,11778602,59890,13074122,59433
2018-02-19,18,Mon,7301063,59381,7475975,58955
2018-02-19,19,Mon,7193488,58964,7381027,58597
2018-02-19,20,Mon,6351275,58827,6229918,58445
2018-02-19,21,Mon,7472508,58754,7237601,58385
2018-02-19,22,Mon,8112546,58624,8058940,58234
2018-02-19,23,Mon,6795106,58566,6770031,58176
2018-02-20,00,Tue,7032957,58478,6934244,58111
2018-02-20,01,Tue,6622162,58358,6660116,58007
2018-02-20,02,Tue,6448747,58232,6383293,57882
2018-02-20,03,Tue,6675481,58103,6646565,57758
2018-02-20,04,Tue,6518600,58027,6549764,57699
2018-02-20,05,Tue,5481257,58105,5586815,57772
2018-02-20,06,Tue,6420798,58700,6682420,58519
2018-02-20,07,Tue,8485407,59779,8181052,59366
2018-02-20,08,Tue,22617864,62896,20332587,62293
2018-02-20,09,Tue,56954101,64742,51285998,62780
2018-02-20,10,Tue,66441126,64946,61990959,61532
2018-02-20,11,Tue,63794963,64849,63239033,61413
2018-02-20,12,Tue,50299481,63951,53087252,61528
2018-02-20,13,Tue,25528491,62165,32645790,61141
2018-02-20,14,Tue,11801616,60821,14248408,60182
2018-02-20,15,Tue,11024545,60353,11181921,59828
2018-02-20,16,Tue,14283671,60161,13841174,59573
2018-02-20,17,Tue,11651408,60038,12871423,59667
2018-02-20,18,Tue,7780265,59542,7808931,59209
2018-02-20,19,Tue,7713189,59092,8065604,58803
2018-02-20,20,Tue,6010422,58980,5924787,58695
2018-02-20,21,Tue,7553433,58902,7227628,58629
2018-02-20,22,Tue,8512518,58813,8814410,58536
2018-02-20,23,Tue,6791171,58742,6747153,58463
2018-02-21,00,Wed,6856999,58680,6734437,58390
2018-02-21,01,Wed,6520063,58611,6494795,58316
2018-02-21,02,Wed,6500948,58512,6405749,58249
2018-02-21,03,Wed,6894247,58406,7154257,58148
2018-02-21,04,Wed,6440876,58365,6458962,58114
2018-02-21,05,Wed,5445900,58516,5496083,58294
2018-02-21,06,Wed,6258878,59071,6235791,58832
2018-02-21,07,Wed,7985344,59820,8121746,59544
2018-02-21,08,Wed,15802457,62344,14920174,61987
2018-02-21,09,Wed,48942160,64826,44163326,63352
2018-02-21,10,Wed,64380830,65246,59718069,61931
2018-02-21,11,Wed,65123071,65330,60661922,61640
2018-02-21,12,Wed,62983318,65123,62137224,61612
2018-02-21,13,Wed,50013000,64292,54546152,61954
2018-02-21,14,Wed,27507502,62705,34694513,61678
2018-02-21,15,Wed,15126513,61270,17194483,60665
2018-02-21,16,Wed,14935068,60634,15302257,60002
2018-02-21,17,Wed,11842269,60283,13047388,59909
2018-02-21,18,Wed,8044147,59639,1792611,59012
2018-02-21,19,Wed,7158739,59197,13546420,58883
2018-02-21,20,Wed,6191281,59025,6057605,58654
2018-02-21,21,Wed,7534737,58930,7578783,58564
2018-02-21,22,Wed,8528101,58776,8472116,58437
2018-02-21,23,Wed,6753395,58677,6711086,58331
2018-02-22,00,Thu,6532612,58567,6439686,58235
2018-02-22,01,Thu,6575634,58477,6586620,58159
2018-02-22,02,Thu,6455185,58337,6645910,58033
2018-02-22,03,Thu,7037646,58200,7022339,57889
2018-02-22,04,Thu,6160508,58110,6212467,57812
2018-02-22,05,Thu,5277488,58253,5331250,57976
2018-02-22,06,Thu,6504372,58835,6491371,58615
2018-02-22,07,Thu,8435859,59769,8535407,59491
2018-02-22,08,Thu,18032515,62600,15790731,62049
2018-02-22,09,Thu,52515123,64821,48943264,63363
2018-02-22,10,Thu,65349373,65093,60969587,61846
2018-02-22,11,Thu,64738728,65120,60650231,61600
2018-02-22,12,Thu,60549806,64815,60495167,61615
2018-02-22,13,Thu,45682216,63769,51289421,61936
2018-02-22,14,Thu,22849121,62067,29442658,61389
2018-02-22,15,Thu,13771898,60899,15491417,60525
2018-02-22,16,Thu,14545449,60360,15082961,59993
2018-02-22,17,Thu,11691912,59985,12450071,59822
2018-02-22,18,Thu,8091989,59366,7739518,59289
2018-02-22,19,Thu,6894915,58206,7104986,54499
2018-02-22,20,Thu,6046767,58112,6019299,55287
2018-02-22,21,Thu,8034675,58000,7895874,56024
2018-02-22,22,Thu,8149206,57872,8224649,56642
2018-02-22,23,Thu,6452784,57769,6876830,57104
2018-02-23,00,Fri,6703838,57623,7023371,57416
2018-02-23,01,Fri,6343305,57353,6464559,57424
2018-02-23,02,Fri,6389824,57150,6450540,57162
2018-02-23,03,Fri,6464006,56971,6300681,56985
2018-02-23,04,Fri,5925822,56769,6098253,56799
2018-02-23,05,Fri,5037403,56525,4964294,56544
2018-02-23,06,Fri,5845777,56224,5905131,56257
2018-02-23,07,Fri,7310273,56037,7108347,56048
2018-02-23,08,Fri,14845590,55920,13200886,55935
2018-02-23,09,Fri,41769143,54633,40089113,54788
2018-02-23,10,Fri,51365244,52943,52392115,52970
2018-02-23,11,Fri,51287609,52356,50349759,52338
2018-02-23,12,Fri,47530337,51804,47912293,51767
2018-02-23,13,Fri,35542486,51037,36987833,51014
2018-02-23,14,Fri,17348557,50148,18585763,50137
2018-02-23,15,Fri,10522498,49516,10713711,49516
2018-02-23,16,Fri,10947824,49129,10562968,49139
2018-02-23,17,Fri,8720225,48926,9044229,48842
2018-02-23,18,Fri,6405727,48523,6369982,48468
2018-02-23,19,Fri,5772449,48207,5995608,48189
2018-02-23,20,Fri,5271828,48093,5247062,48095
2018-02-23,21,Fri,6380601,48020,6340717,48011
2018-02-23,22,Fri,6504371,47879,6570878,47876
2018-02-23,23,Fri,5534772,47809,5572228,47809
2018-02-24,00,Sat,5775405,47703,5820796,47698
2018-02-24,01,Sat,5244228,47631,5274974,47626
2018-02-24,02,Sat,5347012,47551,5082844,47541
2018-02-24,03,Sat,5345557,47465,5397859,47465
2018-02-24,04,Sat,5053710,47338,5111737,47334
2018-02-24,05,Sat,4278281,47219,4351358,47201
2018-02-24,06,Sat,5092928,47028,4984848,47042
2018-02-24,07,Sat,6681635,46982,6482108,46939
2018-02-24,08,Sat,21704999,47012,19987884,46981
2018-02-24,09,Sat,43944098,46795,42055240,46754
2018-02-24,10,Sat,46463049,46524,47957827,46358
2018-02-24,11,Sat,44183251,46673,43365201,45944
2018-02-24,12,Sat,35504896,46912,37310556,45492
2018-02-24,13,Sat,18397743,46035,18885091,44779
2018-02-24,14,Sat,6909284,44677,7531931,44181
2018-02-24,15,Sat,4324005,44043,4394699,43822
2018-02-24,16,Sat,4604205,43728,4595962,43638
2018-02-24,17,Sat,4106753,43620,4119036,43542
2018-02-24,18,Sat,5240594,43513,5103973,43468
2018-02-24,19,Sat,5017435,43425,5182057,43411
2018-02-24,20,Sat,4509870,43400,4492135,43369
2018-02-24,21,Sat,5713072,43354,5681957,43308
2018-02-24,22,Sat,5662737,43287,5707871,43241
2018-02-24,23,Sat,5137244,43216,5177683,43161
2018-02-25,00,Sun,5049907,43162,5062719,43092
2018-02-25,01,Sun,4710489,43121,4750801,43021
2018-02-25,02,Sun,4788308,42997,4530434,42910
2018-02-25,03,Sun,5040314,42911,5087596,42808
2018-02-25,04,Sun,4383784,42790,4461594,42681
2018-02-25,05,Sun,4107699,55092,3799614,42523
2018-02-25,06,Sun,5887388,55177,4569157,42355
2018-02-25,07,Sun,6518347,55206,5175828,42140
2018-02-25,08,Sun,6105523,55497,4738015,41978
2018-02-25,09,Sun,6637255,55691,5164489,41837
2018-02-25,10,Sun,7451439,55565,5722277,41687
2018-02-25,11,Sun,7202379,55453,5692937,41548
2018-02-25,12,Sun,6489569,55357,5000992,41461
2018-02-25,13,Sun,6662559,55272,5278519,41380
2018-02-25,14,Sun,5931288,55157,4664131,41254
2018-02-25,15,Sun,5613997,55108,4139683,41188
2018-02-25,16,Sun,5554635,55022,4288403,41109
2018-02-25,17,Sun,5020325,54951,3910407,41047
2018-02-25,18,Sun,5839167,54887,4376052,40997
2018-02-25,19,Sun,5711965,54850,4491610,40965
2018-02-25,20,Sun,5504509,54828,4197505,40938
2018-02-25,21,Sun,7418155,54800,5597627,40901
2018-02-25,22,Sun,6982865,54776,5522022,40869
2018-02-25,23,Sun,6301656,54734,4900155,40825
2018-02-26,00,Mon,6109679,54700,4707932,40771
2018-02-26,01,Mon,5752112,54672,4413238,40748
2018-02-26,02,Mon,5795153,54640,4422048,40715
2018-02-26,03,Mon,6083534,54627,4713949,40685
2018-02-26,04,Mon,5399708,54682,4185754,40657
2018-02-26,05,Mon,4864956,54978,3500788,40663
2018-02-26,06,Mon,6098207,55674,4434836,40675
2018-02-26,07,Mon,7723596,56804,5507044,40696
2018-02-26,08,Mon,17168566,60245,9885178,40839
2018-02-26,09,Mon,49705261,63606,30359275,40988
2018-02-26,10,Mon,64026865,64186,38859206,40704
2018-02-26,11,Mon,64275103,64319,40882856,40499
2018-02-26,12,Mon,58784537,64072,35675212,40201
2018-02-26,13,Mon,42739943,63093,27737391,39830
2018-02-26,14,Mon,20098429,61493,12696000,39366
2018-02-26,15,Mon,13131849,60542,7795272,39022
2018-02-26,16,Mon,14003727,60124,8216418,38804
2018-02-26,17,Mon,11355092,59867,6490065,38604
2018-02-26,18,Mon,7990236,59366,5073265,38421
2018-02-26,19,Mon,6098534,58957,4071007,38279
2018-02-26,20,Mon,5841253,58848,3725399,38226
2018-02-26,21,Mon,8339422,58775,5414426,38177
2018-02-26,22,Mon,8183044,58648,5592044,38101
2018-02-26,23,Mon,6451839,58609,4342365,38054
2018-02-27,00,Tue,6508976,58519,4284567,38005
2018-02-27,01,Tue,6167574,58403,4113551,37951
2018-02-27,02,Tue,6213413,58272,4146171,37899
2018-02-27,03,Tue,6240867,58120,4233696,37811
2018-02-27,04,Tue,5565101,58019,3746906,37738
2018-02-27,05,Tue,5322246,58024,27880981,56923
2018-02-27,06,Tue,6624106,58568,85008504,58106
2018-02-27,07,Tue,7958274,59453,77886446,59208
2018-02-27,08,Tue,19173121,62157,29984145,61678
2018-02-27,09,Tue,52698535,64466,57486526,62716
2018-02-27,10,Tue,63714581,64734,60193912,61406
2018-02-27,11,Tue,62646639,64693,60114666,61274
2018-02-27,12,Tue,51500760,64010,54989102,61458
2018-02-27,13,Tue,28603785,62377,35741457,61199
2018-02-27,14,Tue,12752463,60899,16561638,60257
2018-02-27,15,Tue,11051955,60394,11860252,59882
2018-02-27,16,Tue,13663402,60177,13394948,59613
2018-02-27,17,Tue,11356570,59972,12073711,59606
2018-02-27,18,Tue,7972945,59452,8426068,59154
2018-02-27,19,Tue,6240824,59033,6566501,58742
2018-02-27,20,Tue,6443212,58909,6251746,58626
2018-02-27,21,Tue,8215845,58813,8070089,58534
2018-02-27,22,Tue,7311761,58669,7357426,58409
2018-02-27,23,Tue,6748530,58624,6985088,58358
2018-02-28,00,Wed,6595905,58553,6570176,58284
2018-02-28,01,Wed,6284013,58461,6227724,58224
2018-02-28,02,Wed,6300556,58364,6225404,58119
2018-02-28,03,Wed,6504386,58221,6515152,57973
2018-02-28,04,Wed,5839372,58176,5899688,57950
2018-02-28,05,Wed,5591249,58268,5586140,58053
2018-02-28,06,Wed,6868653,58750,7229469,58625
2018-02-28,07,Wed,7452487,59278,7515763,59038
2018-02-28,08,Wed,12121695,61079,11967456,60760
2018-02-28,09,Wed,36935377,63538,34152064,62548
2018-02-28,10,Wed,53054786,63967,50083979,61456
2018-02-28,11,Wed,53613616,63921,48892116,60948
2018-02-28,12,Wed,50266374,63692,48595816,60895
2018-02-28,13,Wed,41857191,63122,44878189,61074
2018-02-28,14,Wed,24268071,61924,30889940,60982
2018-02-28,15,Wed,14440715,60870,16496236,60297
2018-02-28,16,Wed,13102459,60290,13203229,59733
2018-02-28,17,Wed,10606964,59947,11733372,59617
2018-02-28,18,Wed,8474159,59469,8457861,59182
2018-02-28,19,Wed,6331163,59147,6679790,58881
2018-02-28,20,Wed,6131621,58949,5912314,58637
2018-02-28,21,Wed,8523981,58836,8312888,58580
2018-02-28,22,Wed,7594907,58735,7971021,58492
2018-02-28,23,Wed,6589017,58653,6550155,58377
2018-03-01,00,Thu,6300396,58590,6240441,58331
2018-03-01,01,Thu,6121131,58490,6062843,58251
2018-03-01,02,Thu,6523664,58351,6427332,58108
2018-03-01,03,Thu,6553575,58246,6600408,57993
2018-03-01,04,Thu,5915998,58181,5979514,57944
2018-03-01,05,Thu,5639556,58249,5862228,58048
2018-03-01,06,Thu,6810127,58635,6831144,58478
2018-03-01,07,Thu,7311680,59163,7251766,58931
2018-03-01,08,Thu,13080509,61045,11923659,60606
2018-03-01,09,Thu,34804438,63027,32150551,62011
2018-03-01,10,Thu,46948252,63449,44608202,61172
2018-03-01,11,Thu,46999479,63471,43223312,60891
2018-03-01,12,Thu,43050047,63148,42553162,60857
2018-03-01,13,Thu,32550942,62371,36425153,60954
2018-03-01,14,Thu,17786067,61097,22412242,60440
2018-03-01,15,Thu,12068681,60251,12866213,59796
2018-03-01,16,Thu,11791038,59824,12417259,59370
2018-03-01,17,Thu,10122726,59477,10211622,59170
2018-03-01,18,Thu,8274759,59073,8758225,58811
2018-03-01,19,Thu,6401368,58748,6411851,58482
2018-03-01,20,Thu,6465776,58625,6240746,58377
2018-03-01,21,Thu,8518251,58550,8768006,58302
2018-03-01,22,Thu,7627096,58436,7656307,58193
2018-03-01,23,Thu,6646274,58363,6633081,58065
2018-03-02,00,Fri,6721700,58275,6682650,58019
2018-03-02,01,Fri,6238320,58195,6228477,57953
2018-03-02,02,Fri,6696392,58107,6612042,57829
2018-03-02,03,Fri,6713969,58026,6809101,57777
2018-03-02,04,Fri,5564254,57938,5616796,57689
2018-03-02,05,Fri,5704382,57972,5678320,57768
2018-03-02,06,Fri,7289718,58299,7295102,58147
2018-03-02,07,Fri,7617787,58784,7577418,58530
2018-03-02,08,Fri,13324303,60605,12459839,60184
2018-03-02,09,Fri,31006754,62316,27633209,61359
2018-03-02,10,Fri,41105315,62656,39554433,60843
2018-03-02,11,Fri,40765433,62529,39721566,60437
2018-03-02,12,Fri,37074429,62190,35809357,60341
2018-03-02,13,Fri,27846550,61455,30435777,60250
2018-03-02,14,Fri,16739413,60366,19864905,59742
2018-03-02,15,Fri,12243184,59598,13686723,59120
2018-03-02,16,Fri,11058373,59114,11012956,58650
2018-03-02,17,Fri,9092491,58769,9817610,58461
2018-03-02,18,Fri,7980244,58350,8126732,58084
2018-03-02,19,Fri,6013330,58075,6148452,57811
2018-03-02,20,Fri,6526162,57965,6309384,57717
2018-03-02,21,Fri,8713573,57905,8728416,57660
2018-03-02,22,Fri,7269748,57818,7417404,57596
2018-03-02,23,Fri,6766753,57768,6797596,57536
2018-03-03,00,Sat,6494274,57688,6591684,57456
2018-03-03,01,Sat,6447162,57619,6446950,57390
2018-03-03,02,Sat,6391479,57516,6441171,57308
2018-03-03,03,Sat,6386510,57422,6228773,57177
2018-03-03,04,Sat,5429312,57350,5540895,57151
2018-03-03,05,Sat,5809731,57407,5817356,57208
2018-03-03,06,Sat,7022142,57835,7101553,57690
2018-03-03,07,Sat,8676801,59057,8310918,58752
2018-03-03,08,Sat,24106550,61484,21406191,60876
2018-03-03,09,Sat,42401136,62411,40466524,60842
2018-03-03,10,Sat,44524516,62363,41747009,60182
2018-03-03,11,Sat,39655325,61896,39960739,59943
2018-03-03,12,Sat,29614706,61004,31892632,59669
2018-03-03,13,Sat,17122469,59756,19775560,59049
2018-03-03,14,Sat,8513366,58647,10202010,58288
2018-03-03,15,Sat,6196447,58113,6807387,57813
2018-03-03,16,Sat,5748875,57866,5850978,57579
2018-03-03,17,Sat,5755308,57726,5776419,57461
2018-03-03,18,Sat,7239492,57600,7269382,57345
2018-03-03,19,Sat,6161853,57520,6000201,57273
2018-03-03,20,Sat,6689258,57477,6620518,57232
2018-03-03,21,Sat,8000901,57412,8114213,57160
2018-03-03,22,Sat,7225898,57331,1387725,57011
2018-03-04,03,Sun,6556128,56799,21566198,54554
2018-03-04,04,Sun,6124352,56648,5426834,51645
2018-03-04,05,Sun,6289017,56512,6034618,46756
2018-03-04,06,Sun,7235960,56320,13311085,45956
2018-03-04,07,Sun,6131253,56126,13837027,47124
2018-03-04,08,Sun,6690088,55934,7372312,49138
2018-03-04,09,Sun,6987247,55748,8031165,50990
2018-03-04,10,Sun,7506700,55607,8698337,52558
2018-03-04,11,Sun,6860720,55465,7773499,53610
2018-03-04,12,Sun,7044367,55336,8049206,54324
2018-03-04,13,Sun,6372624,55246,6724945,54672
2018-03-04,14,Sun,5705568,55166,5920975,54826
2018-03-04,15,Sun,5907778,55104,5952130,54806
2018-03-04,16,Sun,5303060,55044,5375523,54740
2018-03-04,17,Sun,5665539,55004,5661211,54714
2018-03-04,18,Sun,7113603,54954,7122604,54672
2018-03-04,19,Sun,5546620,54909,5457877,54622
2018-03-04,20,Sun,6330058,54880,6148344,54591
2018-03-04,21,Sun,7582055,54854,7721997,54566
2018-03-04,22,Sun,6907671,54815,6655771,54526
2018-03-04,23,Sun,6706183,54800,6827321,54519
2018-03-05,00,Mon,6358703,54767,6487841,54488
2018-03-05,01,Mon,6025076,54745,6125650,54470
2018-03-05,02,Mon,6423621,54722,6137594,54437
2018-03-05,03,Mon,6127481,54717,6333058,54446
2018-03-05,04,Mon,5260569,54800,5343306,54531
2018-03-05,05,Mon,5687793,55069,5653862,54808
2018-03-05,06,Mon,6867267,55736,6880819,55512
2018-03-05,07,Mon,7796554,56989,7815427,56661
2018-03-05,08,Mon,16841551,60195,15184578,59592
2018-03-05,09,Mon,45199972,63552,42172330,62131
2018-03-05,10,Mon,60110773,64322,56047122,61378
2018-03-05,11,Mon,61862713,64470,58312574,61017
2018-03-05,12,Mon,58426188,64313,55868765,60985
2018-03-05,13,Mon,48094461,63616,52478017,61233
2018-03-05,14,Mon,30592240,62468,35117807,61060
2018-03-05,15,Mon,19508966,61304,22638004,60478
2018-03-05,16,Mon,16402749,60521,17419032,59741
2018-03-05,17,Mon,12724429,60026,13629473,59527
2018-03-05,18,Mon,8642866,59363,9347865,58983
2018-03-05,19,Mon,6160375,58776,6208656,58425
2018-03-05,20,Mon,6878420,58560,6914328,58228
2018-03-05,21,Mon,8335696,58418,8336796,58099
2018-03-05,22,Mon,7222919,58254,7202046,57959
2018-03-05,23,Mon,7092737,58186,7125933,57888
2018-03-06,00,Tue,6400539,58073,6433153,57780
2018-03-06,01,Tue,6457399,57899,6469161,57589
2018-03-06,02,Tue,6501920,57711,6212463,57413
2018-03-06,03,Tue,6260008,57517,6424469,57238
2018-03-06,04,Tue,5483266,57374,5589985,57105
2018-03-06,05,Tue,6074879,57421,6094017,57168
2018-03-06,06,Tue,7494969,57925,7633754,57739
2018-03-06,07,Tue,7514116,58712,7529241,58424
2018-03-06,08,Tue,14427895,61152,13260318,60602
2018-03-06,09,Tue,44764138,64239,40187481,62974
2018-03-06,10,Tue,62804941,64895,58197062,61897
2018-03-06,11,Tue,64124267,64974,60141140,61405
2018-03-06,12,Tue,59903792,64730,59827107,61455
2018-03-06,13,Tue,45315460,63803,50507940,61693
2018-03-06,14,Tue,25121726,62239,29676634,61068
2018-03-06,15,Tue,16525996,61102,19168191,60409
2018-03-06,16,Tue,15194483,60450,15305878,59735
2018-03-06,17,Tue,12524023,60025,13257192,59589
2018-03-06,18,Tue,8618169,59402,9409279,59082
2018-03-06,19,Tue,6197636,58911,6523984,58581
2018-03-06,20,Tue,7155562,58722,6897907,58400
2018-03-06,21,Tue,8929179,58561,8922796,58258
2018-03-06,22,Tue,7029945,58486,7053619,58182
2018-03-06,23,Tue,6770486,58414,6799711,58121
2018-03-07,00,Wed,6369942,58305,6385216,58004
2018-03-07,01,Wed,6383812,58184,6667633,57896
2018-03-07,02,Wed,6467945,58041,6129025,57743
2018-03-07,03,Wed,6005881,57899,6137635,57606
2018-03-07,04,Wed,5474528,57814,5505174,57527
2018-03-07,05,Wed,6437125,57881,6407587,57642
2018-03-07,06,Wed,7480256,58418,7537008,58172
2018-03-07,07,Wed,7427039,59042,7720796,58814
2018-03-07,08,Wed,11958181,60961,11342230,60570
2018-03-07,09,Wed,38119294,64102,34521977,63090
2018-03-07,10,Wed,60987416,65040,56265751,62136
2018-03-07,11,Wed,64356379,65189,60007722,61528
2018-03-07,12,Wed,63144589,65127,59280707,61409
2018-03-07,13,Wed,57545930,64721,58246611,61637
2018-03-07,14,Wed,39275591,63511,47816049,61928
2018-03-07,15,Wed,22125820,61947,26172608,61077
2018-03-07,16,Wed,16778534,60918,18170874,60195
2018-03-07,17,Wed,12680304,60324,13911420,59859
2018-03-07,18,Wed,8761162,59584,9504046,59251
2018-03-07,19,Wed,6407555,59041,6419200,58709
2018-03-07,20,Wed,7490946,58808,7536819,58486
2018-03-07,21,Wed,7882011,58645,7905572,58268
2018-03-07,22,Wed,6985775,58497,6884444,58177
2018-03-07,23,Wed,7010125,58405,7003917,58099
2018-03-08,00,Thu,6350595,58259,6370021,57950
2018-03-08,01,Thu,6367913,58131,6353180,57840
2018-03-08,02,Thu,6541887,57961,6503122,57672
2018-03-08,03,Thu,6327255,57802,6408301,57540
2018-03-08,04,Thu,5555145,57716,5601743,57454
2018-03-08,05,Thu,6711501,57799,6734359,57546
2018-03-08,06,Thu,7421077,58317,7568130,58130
2018-03-08,07,Thu,7405860,58872,7680775,58663
2018-03-08,08,Thu,12082485,60679,10923080,60229
2018-03-08,09,Thu,37278683,63768,33178878,62791
2018-03-08,10,Thu,59674147,64732,57512401,62093
2018-03-08,11,Thu,63547341,64892,59554875,61465
2018-03-08,12,Thu,62520662,64805,58863418,61286
2018-03-08,13,Thu,56746466,64282,57754107,61464
2018-03-08,14,Thu,37790222,63101,44902249,61739
2018-03-08,15,Thu,21205787,61516,25419121,60869
2018-03-08,16,Thu,16334616,60500,18484123,60013
2018-03-08,17,Thu,13051654,59901,13740527,59653
2018-03-08,18,Thu,9043328,59259,9916369,59036
2018-03-08,19,Thu,6223937,58717,6151258,58304
2018-03-08,20,Thu,7519158,58532,7224192,58152
2018-03-08,21,Thu,8375211,58371,8473938,57983
2018-03-08,22,Thu,7125148,58227,7489797,57857
2018-03-08,23,Thu,6793639,58141,6829027,57775
2018-03-09,00,Fri,6278520,57996,6303630,57639
2018-03-09,01,Fri,6537628,57844,6528946,57489
2018-03-09,02,Fri,6773630,57656,6529438,57247
2018-03-09,03,Fri,6223824,57452,6371536,56997
2018-03-09,04,Fri,5656809,57272,5469371,56758
2018-03-09,05,Fri,6447038,57236,6459417,56495
2018-03-09,06,Fri,7039711,57495,6698664,56237
2018-03-09,07,Fri,7254005,57716,6728954,55949
2018-03-09,08,Fri,11982925,58695,10682175,55677
2018-03-09,09,Fri,38218258,60542,29736957,55043
2018-03-09,10,Fri,58297482,60974,50241740,53221
2018-03-09,11,Fri,60293476,61014,50150719,52323
2018-03-09,12,Fri,59212810,60949,51667274,51778
2018-03-09,13,Fri,52635205,60629,42552921,51046
2018-03-09,14,Fri,34217535,60082,30243432,50290
2018-03-09,15,Fri,19879809,59239,16809193,49349
2018-03-09,16,Fri,15780635,58651,12987542,48643
2018-03-09,17,Fri,12615751,58281,23606408,50699
2018-03-09,18,Fri,8377082,57742,7657608,50187
2018-03-09,19,Fri,6450276,57285,5698137,49801
2018-03-09,20,Fri,7400534,57088,6359504,49614
2018-03-09,21,Fri,8441466,56948,7544978,49474
2018-03-09,22,Fri,7088926,56813,6462124,49367
2018-03-09,23,Fri,6621760,56706,5884931,49219
2018-03-10,00,Sat,6438417,56602,5708855,49101
2018-03-10,01,Sat,6525052,56449,5771886,48985
2018-03-10,02,Sat,6977040,56293,6162957,48853
2018-03-10,03,Sat,5974358,56153,5359171,48727
2018-03-10,04,Sat,5526571,55953,4598163,48557
2018-03-10,05,Sat,6816157,55911,5919402,48405
2018-03-10,06,Sat,7691290,56126,6677428,48203
2018-03-10,07,Sat,7259101,56580,6078702,48075
2018-03-10,08,Sat,18833519,58272,13831935,48078
2018-03-10,09,Sat,50395211,59550,37139488,47647
2018-03-10,10,Sat,59127225,59725,47440530,46951
2018-03-10,11,Sat,58573704,59931,44513268,46534
2018-03-10,12,Sat,54833354,60178,43484353,46026
2018-03-10,13,Sat,37690069,60129,29086535,45352
2018-03-10,14,Sat,16963211,59209,13878624,44555
2018-03-10,15,Sat,8366945,58301,6548027,43945
2018-03-10,16,Sat,6038332,57783,4610903,43562
2018-03-10,17,Sat,6873844,57468,5072273,43331
2018-03-10,18,Sat,6899276,57239,133280227,57347
2018-03-10,19,Sat,6122287,57067,8651323,57039
2018-03-10,20,Sat,7795567,56934,7451900,56772
2018-03-10,21,Sat,7889981,56817,8259916,56652
2018-03-10,22,Sat,6614423,56679,6920363,56586
2018-03-10,23,Sat,6655336,56535,6644496,56459
2018-03-11,00,Sun,6077252,56352,6290991,56291
2018-03-11,01,Sun,6372769,56120,6292506,56076
2018-03-11,02,Sun,6292112,55871,6276279,55877
2018-03-11,03,Sun,5591017,55578,5695535,55576
2018-03-11,04,Sun,5167594,55226,5133718,55244
2018-03-11,05,Sun,6316618,54903,6281385,54910
2018-03-11,06,Sun,6820591,54488,6956064,54491
2018-03-11,07,Sun,5938454,54116,5756987,54106
2018-03-11,08,Sun,6278931,53717,6501626,53723
2018-03-11,09,Sun,7275537,53416,7143302,53383
2018-03-11,10,Sun,7132116,53052,7151778,53018
2018-03-11,11,Sun,6328898,52822,6331532,52790
2018-03-11,12,Sun,6569449,52619,6582967,52572
2018-03-11,13,Sun,5882826,52410,6003818,52367
2018-03-11,14,Sun,5512979,52278,5530395,52229
2018-03-11,15,Sun,5449921,52966,5023410,52111
2018-03-11,16,Sun,5126017,52927,5307642,52018
2018-03-11,17,Sun,6434115,52854,5921618,51730
2018-03-11,18,Sun,6122338,52312,4703898,39738
2018-03-11,19,Sun,5721363,52240,4335222,39703
2018-03-11,20,Sun,6862667,52205,5175227,39686
2018-03-11,21,Sun,6896781,52168,5350668,39639
2018-03-11,22,Sun,6327037,52135,4764790,39599
2018-03-11,23,Sun,6561597,52105,4826680,39558
2018-03-12,00,Mon,5720717,52086,4339621,39508
2018-03-12,01,Mon,6021582,52063,4547328,39468
2018-03-12,02,Mon,6088437,52046,4542879,39438
2018-03-12,03,Mon,5516700,52027,4200124,39395
2018-03-12,04,Mon,5222846,52116,3859470,39365
2018-03-12,05,Mon,6325009,52356,4626019,39304
2018-03-12,06,Mon,6694675,53094,4883620,39305
2018-03-12,07,Mon,6761228,54115,4632964,39292
2018-03-12,08,Mon,12168086,56861,7419216,39205
2018-03-12,09,Mon,37365095,61771,21507197,38973
2018-03-12,10,Mon,60015784,63336,33244769,37558
2018-03-12,11,Mon,62685339,63675,36353605,36905
2018-03-12,12,Mon,62445801,63669,34066543,36424
2018-03-12,13,Mon,53400274,63106,30972618,35887
2018-03-12,14,Mon,33537656,61739,19270625,35196
2018-03-12,15,Mon,19905601,60230,10556007,34490
2018-03-12,16,Mon,16185586,59309,8723871,34080
2018-03-12,17,Mon,13558439,58686,7428648,33726
2018-03-12,18,Mon,8232913,58039,4807803,33422
2018-03-12,19,Mon,6076448,57451,3522957,33153
2018-03-12,20,Mon,7416414,57269,4319965,33047
2018-03-12,21,Mon,7160738,57140,4228285,32962
2018-03-12,22,Mon,7083501,56979,4132096,32844
2018-03-12,23,Mon,6774995,56935,3993872,32773
2018-03-13,00,Tue,6168089,56845,3618346,32730
2018-03-13,01,Tue,6425340,56721,3800680,32668
2018-03-13,02,Tue,6746971,56531,3992238,32573
2018-03-13,03,Tue,5657538,56390,3367327,32483
2018-03-13,04,Tue,5371270,56256,3072817,32400
2018-03-13,05,Tue,6382050,56342,3445559,32306
2018-03-13,06,Tue,7031109,56935,3973887,32206
2018-03-13,07,Tue,7665579,57741,4107450,32117
2018-03-13,08,Tue,15668598,60469,7659549,32151
2018-03-13,09,Tue,47389497,63670,24492956,32592
2018-03-13,10,Tue,63388649,64264,32370423,32384
2018-03-13,11,Tue,63756918,64393,30805919,32144
2018-03-13,12,Tue,59199629,64040,31972951,32064
2018-03-13,13,Tue,40911101,62872,22440353,31752
2018-03-13,14,Tue,20996069,61236,12358501,31386
2018-03-13,15,Tue,14062559,60268,140366761,59176
2018-03-13,16,Tue,14175118,59697,164154748,59313
2018-03-13,17,Tue,12745286,59398,66859418,59326
2018-03-13,18,Tue,7939298,58813,9779651,58476
2018-03-13,19,Tue,6098075,58337,6255925,57986
2018-03-13,20,Tue,7955108,58194,8241650,57875
2018-03-13,21,Tue,7311902,58062,7451500,57744
2018-03-13,22,Tue,7139457,57934,7121626,57614
2018-03-13,23,Tue,6717012,57873,6851613,57478
2018-03-14,00,Wed,6287834,57770,6392544,57386
2018-03-14,01,Wed,6460661,57644,6562441,57295
2018-03-14,02,Wed,6596981,57535,6662732,57213
2018-03-14,03,Wed,5622909,57425,5608359,57094
2018-03-14,04,Wed,5414478,57328,6058297,57059
2018-03-14,05,Wed,6740286,57436,8599352,57202
2018-03-14,06,Wed,7228118,57995,11755510,57806
2018-03-14,07,Wed,7385799,58450,11203510,58212
2018-03-14,08,Wed,11996228,60550,21643639,60203
2018-03-14,09,Wed,40200768,63800,49830593,62822
2018-03-14,10,Wed,61764799,64682,60681031,61776
2018-03-14,11,Wed,62843187,64830,58774068,61197
2018-03-14,12,Wed,63616388,64795,59757024,61061
2018-03-14,13,Wed,56388283,64304,57651974,61284
2018-03-14,14,Wed,37030927,62988,46028882,61558
2018-03-14,15,Wed,19963197,61364,24065381,60564
2018-03-14,16,Wed,15787730,60316,16904097,59609
2018-03-14,17,Wed,13145436,59759,14015591,59298
2018-03-14,18,Wed,7936074,59076,8723028,58779
2018-03-14,19,Wed,6356180,58552,6292400,58257
2018-03-14,20,Wed,8624776,58322,8342177,58019
2018-03-14,21,Wed,7782026,58182,8315851,57905
2018-03-14,22,Wed,7062523,58076,7013559,57799
2018-03-14,23,Wed,6640625,57965,6412423,57677
2018-03-15,00,Thu,6437090,57863,6418457,57578
2018-03-15,01,Thu,6500948,57705,6542393,57422
2018-03-15,02,Thu,6532803,57565,6589032,57291
2018-03-15,03,Thu,5651909,57415,5811544,57152
2018-03-15,04,Thu,5898861,57321,5574816,57054
2018-03-15,05,Thu,7229018,57399,7291046,57184
2018-03-15,06,Thu,7476381,57989,7839728,57792
2018-03-15,07,Thu,7658255,58617,7528851,58323
2018-03-15,08,Thu,13749322,60872,12791185,60315
2018-03-15,09,Thu,42847578,63973,38370441,62675
2018-03-15,10,Thu,63121170,64698,58810748,61469
2018-03-15,11,Thu,63897665,64849,59990285,60989
2018-03-15,12,Thu,63616494,64769,60246755,60954
2018-03-15,13,Thu,54356164,64114,58502571,61319
2018-03-15,14,Thu,33492125,62772,40736861,61389
2018-03-15,15,Thu,18527478,61287,22112509,60487
2018-03-15,16,Thu,15457363,60328,15866428,59577
2018-03-15,17,Thu,13118493,59757,14550226,59326
2018-03-15,18,Thu,8014140,59026,8306914,58661
2018-03-15,19,Thu,6808067,58471,7092585,58146
2018-03-15,20,Thu,8122174,58269,8041998,57943
2018-03-15,21,Thu,7105643,58118,7192323,57806
2018-03-15,22,Thu,7428783,57972,7398654,57676
2018-03-15,23,Thu,6790986,57860,6869319,57549
2018-03-16,00,Fri,6480133,57749,6164102,57434
2018-03-16,01,Fri,6618449,57639,6659376,57270
2018-03-16,02,Fri,6868663,57504,6910793,57148
2018-03-16,03,Fri,5980534,57354,6194452,57007
2018-03-16,04,Fri,5939028,57228,5630760,56888
2018-03-16,05,Fri,7274408,57275,7380441,56997
2018-03-16,06,Fri,7037330,57849,7313738,57649
2018-03-16,07,Fri,7887367,58569,7744681,58284
2018-03-16,08,Fri,16508006,61262,15042546,60689
2018-03-16,09,Fri,48072400,64085,43743344,62533
2018-03-16,10,Fri,63604125,64613,59500660,61237
2018-03-16,11,Fri,63770569,64692,60073037,60828
2018-03-16,12,Fri,62366857,64555,59612694,60809
2018-03-16,13,Fri,50082266,63765,53197173,61124
2018-03-16,14,Fri,28369166,62244,36137576,61080
2018-03-16,15,Fri,16515515,60892,19735581,60273
2018-03-16,16,Fri,15135534,60107,15318997,59408
2018-03-16,17,Fri,13621941,59643,15085376,59242
2018-03-16,18,Fri,8076177,58938,8499708,58614
2018-03-16,19,Fri,6731753,58407,6959926,58131
2018-03-16,20,Fri,9097508,58248,9006462,57975
2018-03-16,21,Fri,7436686,58086,7591311,57848
2018-03-16,22,Fri,7142864,57957,7137341,57735
2018-03-16,23,Fri,6449885,57862,6511949,57607
2018-03-17,00,Sat,6216343,57747,5929867,57493
2018-03-17,01,Sat,6790909,57598,6805237,57352
2018-03-17,02,Sat,6792184,57457,6882182,57209
2018-03-17,03,Sat,5857296,57316,6033367,57067
2018-03-17,04,Sat,5992920,57211,5710837,56952
2018-03-17,05,Sat,6972681,57262,7122358,57074
2018-03-17,06,Sat,6852116,57838,7144207,57672
2018-03-17,07,Sat,8499390,59035,8160312,58741
2018-03-17,08,Sat,27185556,62647,24754171,62087
2018-03-17,09,Sat,59896008,64105,55445216,61766
2018-03-17,10,Sat,65261022,64254,59324067,60634
2018-03-17,11,Sat,62173129,64111,59521419,60463
2018-03-17,12,Sat,53030823,63406,55694771,60599
2018-03-17,13,Sat,30236401,61747,38077050,60459
2018-03-17,14,Sat,12014432,59943,15887760,59331
2018-03-17,15,Sat,6605047,58866,7727883,58478
2018-03-17,16,Sat,5958827,58388,6346589,58084
2018-03-17,17,Sat,7257659,58092,7274497,57806
2018-03-17,18,Sat,6348456,57959,6323692,57656
2018-03-17,19,Sat,6629423,57850,6474347,57336
2018-03-17,20,Sat,8325890,57743,8354373,57405
2018-03-17,21,Sat,7011308,57651,7001969,57339
2018-03-17,22,Sat,6563772,57574,6610356,57139
2018-03-17,23,Sat,6343985,57480,6442053,57127
2018-03-18,00,Sun,6158467,57363,5925956,57011
2018-03-18,01,Sun,6694779,57227,6734083,56881
2018-03-18,02,Sun,6562526,57042,6750400,56711
2018-03-18,03,Sun,5265439,56849,5214398,56516
2018-03-18,04,Sun,5771168,56612,5466035,56307
2018-03-18,05,Sun,7339783,56315,7551006,56012
2018-03-18,06,Sun,6345022,56016,6395803,55702
2018-03-18,07,Sun,6471405,55709,6376539,55375
2018-03-18,08,Sun,6534432,55429,6546370,55112
2018-03-18,09,Sun,8002902,55146,7657962,54842
2018-03-18,10,Sun,6898532,54938,7088485,54655
2018-03-18,11,Sun,7085251,54655,7207364,54366
2018-03-18,12,Sun,6158118,54540,5989752,54246
2018-03-18,13,Sun,5666699,54437,5801116,54144
2018-03-18,14,Sun,6012297,54333,5815810,53991
2018-03-18,15,Sun,5483609,54260,5677942,53932
2018-03-18,16,Sun,5329318,54208,5132017,53890
2018-03-18,17,Sun,6897508,54133,7052443,53819
2018-03-18,18,Sun,5862277,54076,5734070,53766
2018-03-18,19,Sun,6607296,54036,6602784,53739
2018-03-18,20,Sun,8298244,53985,8170167,53679
2018-03-18,21,Sun,6298867,53958,6595854,53666
2018-03-18,22,Sun,6418554,53914,6257145,53601
2018-03-18,23,Sun,6019697,53896,5962489,53583
2018-03-19,00,Mon,5964396,53885,6114732,53568
2018-03-19,01,Mon,5996315,53880,5859570,53559
2018-03-19,02,Mon,5740112,53877,5666270,53557
2018-03-19,03,Mon,4947701,53886,5146362,53577
2018-03-19,04,Mon,5681209,53956,5411731,53628
2018-03-19,05,Mon,6669523,54239,6901462,53916
2018-03-19,06,Mon,6262460,54910,6468519,54689
2018-03-19,07,Mon,7442548,55978,7281637,55608
2018-03-19,08,Mon,15920460,59234,14061201,58516
2018-03-19,09,Mon,43917243,62522,39595610,61069
2018-03-19,10,Mon,58390425,63271,55189803,60318
2018-03-19,11,Mon,59332595,63473,56864643,60182
2018-03-19,12,Mon,56507843,63329,55477181,60298
2018-03-19,13,Mon,41733825,62465,46489176,60652
2018-03-19,14,Mon,20971926,60902,26517535,60043
2018-03-19,15,Mon,13347453,59907,14939718,59337
2018-03-19,16,Mon,14027742,59398,14053641,58792
2018-03-19,17,Mon,12964275,59156,13247723,58716
2018-03-19,18,Mon,7904084,58644,8689990,58352
2018-03-19,19,Mon,6989828,58173,6854453,57878
2018-03-19,20,Mon,7952675,58043,7959192,57737
2018-03-19,21,Mon,6683614,57930,6804193,57638
2018-03-19,22,Mon,7085930,57820,7040583,57528
2018-03-19,23,Mon,6249312,57781,6366024,57503
2018-03-20,00,Tue,6208251,57719,6189227,57449
2018-03-20,01,Tue,6393421,57618,6178002,57324
2018-03-20,02,Tue,6422717,57488,6493977,57196
2018-03-20,03,Tue,5354374,57376,5517256,57109
2018-03-20,04,Tue,5782147,57238,5757879,56978
2018-03-20,05,Tue,6939982,57324,6764729,57054
2018-03-20,06,Tue,6296327,57863,6485600,57641
2018-03-20,07,Tue,7844357,58695,7663652,58398
2018-03-20,08,Tue,18009551,61412,16957919,60982
2018-03-20,09,Tue,50592923,64083,44179735,62400
2018-03-20,10,Tue,65078258,64538,60965374,61320
2018-03-20,11,Tue,63637169,64576,60286861,60986
2018-03-20,12,Tue,56898898,64111,58366522,61131
2018-03-20,13,Tue,36773443,62710,43282073,61094
2018-03-20,14,Tue,18814446,61114,22389558,60140
2018-03-20,15,Tue,13596900,60385,15108975,59750
2018-03-20,16,Tue,14926542,59939,14783853,59300
2018-03-20,17,Tue,13252411,59684,14727912,59276
2018-03-20,18,Tue,7720802,59090,8010877,58739
2018-03-20,19,Tue,6983310,58635,6831912,58337
2018-03-20,20,Tue,7713909,58483,8047028,58178
2018-03-20,21,Tue,6707284,58351,6680561,58034
2018-03-20,22,Tue,6708970,57432,6645137,57225
2018-03-20,23,Tue,5995323,54289,6185889,53947
2018-03-21,00,Wed,5823368,54238,5626149,53940
2018-03-21,01,Wed,6273967,54203,6410324,53916
2018-03-21,02,Wed,5892068,54194,5802581,53906
2018-03-21,03,Wed,4849068,54121,5022822,53853
2018-03-21,04,Wed,5517199,54095,5304199,53829
2018-03-21,05,Wed,6323151,54268,6527009,54022
2018-03-21,06,Wed,6222441,54889,6454278,54720
2018-03-21,07,Wed,7450878,55616,7426370,55323
2018-03-21,08,Wed,14086570,58328,13242398,57925
2018-03-21,09,Wed,43787031,61484,40196083,60239
2018-03-21,10,Wed,60393895,62443,56152098,59301
2018-03-21,11,Wed,61514254,63104,57096648,59431
2018-03-21,12,Wed,60795642,63445,59012120,59841
2018-03-21,13,Wed,52100300,63161,54828444,60521
2018-03-21,14,Wed,30907671,62019,37304084,60715
2018-03-21,15,Wed,17114112,60747,20683870,60020
2018-03-21,16,Wed,15010354,60049,15264130,59331
2018-03-21,17,Wed,12654850,59712,13977235,59282
2018-03-21,18,Wed,7611870,59154,7834465,58759
2018-03-21,19,Wed,7213693,58679,7312877,58302
2018-03-21,20,Wed,7959580,58482,7981344,58130
2018-03-21,21,Wed,6343582,58351,6376471,57983
2018-03-21,22,Wed,6362694,58231,6338568,57920
2018-03-21,23,Wed,6055536,58135,6093042,57837
2018-03-22,00,Thu,6067001,58021,6027242,57745
2018-03-22,01,Thu,6145137,57918,6176446,57620
2018-03-22,02,Thu,5975817,57743,6051281,57468
2018-03-22,03,Thu,5083147,57602,5171497,57331
2018-03-22,04,Thu,5949412,57492,5627517,57218
2018-03-22,05,Thu,7266384,57630,7353929,57384
2018-03-22,06,Thu,6268132,58174,6495540,58019
2018-03-22,07,Thu,8172897,58918,8413311,58701
2018-03-22,08,Thu,15908886,61429,14652458,60980
2018-03-22,09,Thu,47914903,64182,43644582,62791
2018-03-22,10,Thu,63170387,64748,59028139,61505
2018-03-22,11,Thu,63576525,64867,59608056,61163
2018-03-22,12,Thu,62569484,64704,59508054,61128
2018-03-22,13,Thu,51441889,63985,56196851,61559
2018-03-22,14,Thu,28651918,62460,35922825,61384
2018-03-22,15,Thu,15508279,61064,17970570,60441
2018-03-22,16,Thu,14787524,60313,15358186,59723
2018-03-22,17,Thu,12598440,59938,13387828,59535
2018-03-22,18,Thu,7817910,59328,8372009,59046
2018-03-22,19,Thu,7799239,58842,7484024,58531
2018-03-22,20,Thu,8880227,58666,9254663,58399
2018-03-22,21,Thu,6315185,58545,6352524,58276
2018-03-22,22,Thu,6647562,58442,6583523,58182
2018-03-22,23,Thu,6075171,58376,6084645,58083
2018-03-23,00,Fri,6258809,58271,6187738,57983
2018-03-23,01,Fri,6295388,58130,6319777,57838
2018-03-23,02,Fri,5993271,57987,6010822,57699
2018-03-23,03,Fri,5344578,57804,5388433,57546
2018-03-23,04,Fri,6484641,57665,6438037,57418
2018-03-23,05,Fri,7597716,57773,7688166,57530
2018-03-23,06,Fri,6573779,58293,6724951,58108
2018-03-23,07,Fri,8157956,59100,7995078,58806
2018-03-23,08,Fri,17988280,61855,15804010,61342
2018-03-23,09,Fri,50977847,64202,45652277,62673
2018-03-23,10,Fri,64122475,64648,60250935,61369
2018-03-23,11,Fri,64551701,64710,60624867,60992
2018-03-23,12,Fri,61605617,64519,61625798,61099
2018-03-23,13,Fri,47437911,63595,51248356,61371
2018-03-23,14,Fri,24703559,61904,32299299,60982
2018-03-23,15,Fri,14588921,60737,17402121,60209
2018-03-23,16,Fri,14466065,60127,14398735,59573
2018-03-23,17,Fri,12527405,59760,13477149,59378
2018-03-23,18,Fri,7991048,59072,8530506,58489
2018-03-23,19,Fri,7961419,58590,7774732,57815
2018-03-23,20,Fri,8128918,58479,8030558,57957
2018-03-23,21,Fri,6432541,57848,6263969,54784
2018-03-23,22,Fri,6553026,57730,6605061,55255
2018-03-23,23,Fri,6110022,57664,6249611,55741
2018-03-24,00,Sat,5979386,57536,6026888,56053
2018-03-24,01,Sat,6138670,57431,5922471,56222
2018-03-24,02,Sat,6313201,57300,6408993,56043
2018-03-24,03,Sat,5375943,57158,5233368,55741
2018-03-24,04,Sat,6671440,57051,6390302,55530
2018-03-24,05,Sat,7126631,57081,6952392,55234
2018-03-24,06,Sat,6576555,57542,6254390,54914
2018-03-24,07,Sat,9130903,58856,7640876,54658
2018-03-24,08,Sat,30895195,62522,23000707,54476
2018-03-24,09,Sat,61951395,63814,47729922,52550
2018-03-24,10,Sat,65520958,63932,51615431,51284
2018-03-24,11,Sat,62759177,63821,49478510,50704
2018-03-24,12,Sat,51228056,63051,39598648,49928
2018-03-24,13,Sat,27036710,61345,22632892,48980
2018-03-24,14,Sat,10477084,59740,8595565,48179
2018-03-24,15,Sat,5772934,58905,4591468,47676
2018-03-24,16,Sat,6468615,58511,5017540,47447
2018-03-24,17,Sat,7226434,58282,6069572,47310
2018-03-24,18,Sat,6343627,58152,5251317,47187
2018-03-24,19,Sat,8012256,58064,6549247,46971
2018-03-24,20,Sat,8140733,57988,6515112,46901
2018-03-24,21,Sat,6286358,57900,5342266,46836
2018-03-24,22,Sat,6256094,57814,5174597,46756
2018-03-24,23,Sat,5963819,57740,64775702,57385
2018-03-25,00,Sun,6084525,57425,6587799,55947
2018-03-25,02,Sun,6234957,57281,6528740,56043
2018-03-25,03,Sun,5995113,57090,6211117,56147
2018-03-25,04,Sun,5369232,56896,5619627,56178
2018-03-25,05,Sun,6304016,56675,6152936,56120
2018-03-25,06,Sun,6748225,56403,7072058,55978
2018-03-25,07,Sun,6385651,56102,6216349,55740
2018-03-25,08,Sun,7102605,55830,7440149,55517
2018-03-25,09,Sun,7257827,55561,7255986,55264
2018-03-25,10,Sun,7201752,55345,7307859,55083
2018-03-25,11,Sun,6636624,55152,6304222,54857
2018-03-25,12,Sun,6691809,54923,6868262,54673
2018-03-25,13,Sun,5876820,54814,6028438,54550
2018-03-25,14,Sun,5463301,54732,5537324,54464
2018-03-25,15,Sun,5749595,54638,5559052,54374
2018-03-25,16,Sun,5351540,54569,5417956,54280
2018-03-25,17,Sun,6258631,54532,6246159,54256
2018-03-25,18,Sun,6142546,54476,6098696,54214
2018-03-25,19,Sun,5797895,54421,5876361,53975
2018-03-25,20,Sun,7325033,54374,6985896,53938
2018-03-25,21,Sun,7690195,54343,8002127,53941
2018-03-25,22,Sun,5694527,54338,5866211,53961
2018-03-25,23,Sun,5683449,54323,5487969,53984
2018-03-26,00,Mon,5681179,54315,5817061,53983
2018-03-26,01,Mon,5832244,54280,5609486,53917
2018-03-26,02,Mon,6112259,54265,6289967,53946
2018-03-26,03,Mon,5412469,54277,5603366,53972
2018-03-26,04,Mon,4929453,54362,4921900,54037
2018-03-26,05,Mon,6385002,54628,6974822,54326
2018-03-26,06,Mon,6782686,55372,8879410,55166
2018-03-26,07,Mon,6612858,56307,8915969,56006
2018-03-26,08,Mon,14750199,59463,20227211,58964
2018-03-26,09,Mon,46220810,63381,47871456,61668
2018-03-26,10,Mon,63706973,64106,60525783,60724
2018-03-26,11,Mon,64176177,64262,58803667,60527
2018-03-26,12,Mon,62546480,64121,62691344,60750
2018-03-26,13,Mon,48813104,63359,52501863,61091
2018-03-26,14,Mon,26172143,61778,33550433,60731
2018-03-26,15,Mon,15141627,60580,17358032,59915
2018-03-26,16,Mon,14166135,60017,14837677,59375
2018-03-26,17,Mon,12265333,59347,12568570,59100
2018-03-26,18,Mon,7845119,57952,8466748,57599
2018-03-26,19,Mon,6423428,57564,6504269,56956
2018-03-26,20,Mon,8064107,57471,8012639,56866
2018-03-26,21,Mon,7926786,57389,8114302,56816
2018-03-26,22,Mon,6068724,57257,5891022,56778
2018-03-26,23,Mon,6341121,57235,6418763,56781
2018-03-27,00,Tue,5978416,57138,6104527,56747
2018-03-27,01,Tue,6031157,57006,5866035,56649
2018-03-27,02,Tue,5851970,56867,6008371,56561
2018-03-27,03,Tue,5474811,56694,5375630,56406
2018-03-27,04,Tue,5340945,56563,5456376,56288
2018-03-27,05,Tue,6552712,56623,6360014,56358
2018-03-27,06,Tue,7061192,57204,7392037,57005
2018-03-27,07,Tue,7313424,58100,7305531,57810
2018-03-27,08,Tue,17430466,60870,15702118,60423
2018-03-27,09,Tue,51107727,63628,46920002,62007
2018-03-27,10,Tue,65337677,64133,59278833,60695
2018-03-27,11,Tue,64386241,64288,61473361,60661
2018-03-27,12,Tue,58262161,63890,59849851,60990
2018-03-27,13,Tue,34852308,62391,42404665,60965
2018-03-27,14,Tue,15909638,60703,19476178,59961
2018-03-27,15,Tue,12146463,60023,13223938,59501
2018-03-27,16,Tue,13585929,59712,13340588,59100
2018-03-27,17,Tue,12678999,59548,13381113,59116
2018-03-27,18,Tue,8205758,59025,8511464,58693
2018-03-27,19,Tue,6408141,58596,6367834,58115
2018-03-27,20,Tue,7696406,58477,7544186,58029
2018-03-27,21,Tue,7782596,58366,8148080,57960
2018-03-27,22,Tue,6417123,58269,6396902,57876
2018-03-27,23,Tue,6566759,58207,6568842,57848
2018-03-28,00,Wed,5992008,58156,6000919,57831
2018-03-28,01,Wed,6088594,58059,6089931,57753
2018-03-28,02,Wed,6073648,57956,6079757,57679
2018-03-28,03,Wed,5914185,57817,5955153,57554
2018-03-28,04,Wed,5489855,57703,5247812,57407
2018-03-28,05,Wed,6792411,57832,6736704,57593
2018-03-28,06,Wed,6926057,58363,7485687,58238
2018-03-28,07,Wed,7559242,59025,7366646,58762
2018-03-28,08,Wed,14419648,61281,13330670,60894
2018-03-28,09,Wed,44384367,64203,39868378,62987
2018-03-28,10,Wed,63155385,64790,58661358,61694
2018-03-28,11,Wed,63558814,64882,59868674,61221
2018-03-28,12,Wed,63034559,64761,59810432,61033
2018-03-28,13,Wed,54420900,63979,56761730,61179
2018-03-28,14,Wed,33289447,62392,41340563,61077
2018-03-28,15,Wed,17745938,60717,21729592,59988
2018-03-28,16,Wed,15141816,59762,15609080,59103
2018-03-28,17,Wed,13189418,59266,14650598,58888
2018-03-28,18,Wed,7841171,58625,8155557,58280
2018-03-28,19,Wed,6086123,58170,6093472,57554
2018-03-28,20,Wed,7758494,57999,7679717,57426
2018-03-28,21,Wed,7612890,57856,7689130,57357
2018-03-28,22,Wed,6449874,57747,6518359,57319
2018-03-28,23,Wed,6367375,57660,6425380,57274
2018-03-29,00,Thu,6019716,57526,5819618,57189
2018-03-29,01,Thu,6362386,57404,6417227,57087
2018-03-29,02,Thu,6338648,57288,6466567,57012
2018-03-29,03,Thu,5661114,57160,5782281,56902
2018-03-29,04,Thu,5565176,57095,5392435,56845
2018-03-29,05,Thu,6527783,57201,6603709,56964
2018-03-29,06,Thu,6863786,57773,7161028,57654
2018-03-29,07,Thu,7615390,58450,7497553,58209
2018-03-29,08,Thu,14388956,60830,13351065,60416
2018-03-29,09,Thu,45111430,64106,40762163,62902
2018-03-29,10,Thu,63496552,64834,59120290,61815
2018-03-29,11,Thu,64391852,64917,60472910,61329
2018-03-29,12,Thu,63817690,64851,60411673,61236
2018-03-29,13,Thu,53683986,64210,57964755,61588
2018-03-29,14,Thu,32326304,62774,39605378,61477
2018-03-29,15,Thu,17736104,61166,21296162,60499
2018-03-29,16,Thu,15190884,60236,15392828,59580
2018-03-29,17,Thu,12829978,59792,14168455,59414
2018-03-29,18,Thu,7826098,59064,8189625,58747
2018-03-29,19,Thu,6259381,58507,6482002,58196
2018-03-29,20,Thu,8283679,58291,8132930,57978
2018-03-29,21,Thu,7578583,58148,7655197,57840
2018-03-29,22,Thu,6377094,58010,6423590,57725
2018-03-29,23,Thu,6155023,57895,6164195,57598
2018-03-30,00,Fri,5876736,57803,5656279,57487
2018-03-30,01,Fri,6163250,57660,6167692,57392
2018-03-30,02,Fri,6092960,57532,6205050,57258
2018-03-30,03,Fri,5651269,57384,5748674,57129
2018-03-30,04,Fri,5504878,57240,5238830,56975
2018-03-30,05,Fri,6992844,57081,6994255,56837
2018-03-30,06,Fri,6856850,56910,6926119,56638
2018-03-30,07,Fri,6692661,56744,6729576,56459
2018-03-30,08,Fri,8347366,56814,8031962,56517
2018-03-30,09,Fri,12183586,56906,11993139,56522
2018-03-30,10,Fri,12764159,56794,12159306,56211
2018-03-30,11,Fri,13139105,56670,13049128,56080
2018-03-30,12,Fri,11854247,56544,11448977,55926
2018-03-30,13,Fri,10156204,56394,10431145,55928
2018-03-30,14,Fri,8126895,56142,9077613,55803
2018-03-30,15,Fri,6514432,55901,6686776,55609
2018-03-30,16,Fri,6089530,55754,6065322,55463
2018-03-30,17,Fri,7051652,55656,7034731,55375
2018-03-30,18,Fri,6092265,55526,6189535,55247
2018-03-30,19,Fri,6139810,55421,6028277,55172
2018-03-30,20,Fri,8925528,55356,8718560,55107
2018-03-30,21,Fri,7702795,55279,7959317,55032
2018-03-30,22,Fri,6345340,55225,6356022,54973
2018-03-30,23,Fri,6196730,55179,6268368,54903
2018-03-31,00,Sat,6000597,55148,6018078,54862
2018-03-31,01,Sat,6011429,55118,6031580,54843
2018-03-31,02,Sat,5771584,55110,5823240,54835
2018-03-31,03,Sat,5372047,55117,5401341,54852
2018-03-31,04,Sat,5655851,55139,5301086,54886
2018-03-31,05,Sat,7115186,55390,7047163,55130
2018-03-31,06,Sat,6875144,56157,7541449,55952
2018-03-31,07,Sat,8762758,57677,8488387,57390
2018-03-31,08,Sat,28405992,61636,25038759,60947
2018-03-31,09,Sat,58212799,63574,53707271,61573
2018-03-31,10,Sat,65061870,63772,61909089,60602
2018-03-31,11,Sat,62184693,63660,60008681,60459
2018-03-31,12,Sat,53121741,62902,55946628,60537
2018-03-31,13,Sat,30793213,61250,36995582,60149
2018-03-31,14,Sat,12851339,59423,16685198,58952
2018-03-31,15,Sat,6832893,58385,7827477,58078
2018-03-31,16,Sat,5511137,57840,5778898,57615
2018-03-31,17,Sat,6619993,57583,6677579,57424
2018-03-31,18,Sat,6278957,57401,6448443,57230
2018-03-31,19,Sat,6514346,57306,6548638,57166
2018-03-31,20,Sat,8221643,57235,8314270,57106
2018-03-31,21,Sat,7113407,57140,6991146,57011
2018-03-31,22,Sat,8177907,57045,4143527,56858
2018-03-31,23,Sat,6027886,55785,6618799,38710
2018-04-01,00,Sun,5268170,52269,4216525,37647
2018-04-01,01,Sun,5268501,52227,3240131,25015
2018-04-01,02,Sun,5475351,52197,8524949,44875
2018-04-01,03,Sun,5048315,52125,5811444,47376
2018-04-01,04,Sun,5368833,52083,6179175,49311
2018-04-01,05,Sun,6398024,51906,7334868,50477
2018-04-01,06,Sun,5554735,51728,6110429,51026
2018-04-01,07,Sun,6101371,51543,6346532,51204
2018-04-01,08,Sun,6821046,51402,6885941,51089
2018-04-01,09,Sun,6945546,51251,6993732,50936
2018-04-01,10,Sun,5844223,51183,5959908,50879
2018-04-01,11,Sun,6603582,51070,6605960,50795
2018-04-01,12,Sun,5474355,51039,5533578,50768
2018-04-01,13,Sun,5043895,50992,5052337,50722
2018-04-01,14,Sun,5229784,50978,4995632,50683
2018-04-01,15,Sun,4880965,50973,4931840,50680
2018-04-01,16,Sun,5009075,50994,4913169,50670
2018-04-01,17,Sun,6601100,50979,6537143,50652
2018-04-01,18,Sun,5385507,50986,5489227,50689
2018-04-01,19,Sun,5435644,50974,5242013,50435
2018-04-01,20,Sun,7407748,50970,7350221,50315
2018-04-01,21,Sun,6365356,50992,6418870,50369
2018-04-01,22,Sun,5450702,51025,5503926,50491
2018-04-01,23,Sun,5505976,51033,5512081,50551
2018-04-02,00,Mon,5419639,51054,5429774,50592
2018-04-02,01,Mon,5670136,51073,5362878,50661
2018-04-02,02,Mon,5694547,51093,5808463,50729
2018-04-02,03,Mon,5184920,51123,5452381,50846
2018-04-02,04,Mon,5620919,51174,5540619,50888
2018-04-02,05,Mon,6344361,51194,6025513,50925
2018-04-02,06,Mon,5747459,51235,5831435,50955
2018-04-02,07,Mon,6310815,51279,6189223,50990
2018-04-02,08,Mon,6738546,51299,6727911,50987
2018-04-02,09,Mon,7111356,51322,7168437,51003
2018-04-02,10,Mon,6422545,51338,6466488,51047
2018-04-02,11,Mon,7182135,51393,7166664,51108
2018-04-02,12,Mon,6025477,51438,6083264,51111
2018-04-02,13,Mon,5210674,51505,5210144,51210
2018-04-02,14,Mon,5451466,51555,5458204,51284
2018-04-02,15,Mon,5271092,51593,5285801,51312
2018-04-02,16,Mon,5661159,51593,5340378,51307
2018-04-02,17,Mon,6452287,51617,6436680,51325
2018-04-02,18,Mon,5627079,51626,5660885,51321
2018-04-02,19,Mon,5731284,51619,5548336,51133
2018-04-02,20,Mon,7879922,51647,7844660,51163
2018-04-02,21,Mon,6622289,51664,6741305,51211
2018-04-02,22,Mon,5672500,51716,5703130,51299
2018-04-02,23,Mon,5925271,51737,5926339,51342
2018-04-03,00,Tue,5662721,51791,5684808,51419
2018-04-03,01,Tue,6030917,51831,6006496,51481
2018-04-03,02,Tue,5827901,51877,5918430,51543
2018-04-03,03,Tue,5038110,51945,5060975,51627
2018-04-03,04,Tue,5776036,52073,5359365,51743
2018-04-03,05,Tue,6979789,52445,7002995,52157
2018-04-03,06,Tue,6034053,53372,6382467,53178
2018-04-03,07,Tue,7499589,54590,7476935,54290
2018-04-03,08,Tue,16310407,58323,15110582,57772
2018-04-03,09,Tue,47076338,62295,42138004,60720
2018-04-03,10,Tue,62966177,63301,57703570,60195
2018-04-03,11,Tue,63672390,63663,60966946,60153
2018-04-03,12,Tue,60175469,63573,58773291,60368
2018-04-03,13,Tue,44855077,62681,51094910,60789
2018-04-03,14,Tue,24261120,61212,29547160,60197
2018-04-03,15,Tue,14827642,60136,16880793,59547
2018-04-03,16,Tue,14676575,59525,14802621,58908
2018-04-03,17,Tue,13081221,59265,13605295,58820
2018-04-03,18,Tue,7739657,58506,8327444,56335
2018-04-03,19,Tue,6779181,56276,6583163,54456
2018-04-03,20,Tue,8602331,56246,8469689,54724
2018-04-03,21,Tue,6750523,56183,6758280,54999
2018-04-03,22,Tue,6376659,56118,6622208,55217
2018-04-03,23,Tue,6296591,56154,6282200,55481
2018-04-04,00,Wed,6286196,56091,6499847,55599
2018-04-04,01,Wed,6139193,56009,6098023,55614
2018-04-04,02,Wed,5700504,55908,5745233,55579
2018-04-04,03,Wed,5218081,55784,5411020,55513
2018-04-04,04,Wed,6168933,55687,6077934,55421
2018-04-04,05,Wed,6929457,55816,6892291,55564
2018-04-04,06,Wed,6380031,56515,6547882,56323
2018-04-04,07,Wed,7510141,57312,7498543,57037
2018-04-04,08,Wed,16048564,60121,14081014,59469
2018-04-04,09,Wed,47829305,63270,43522510,61917
2018-04-04,10,Wed,63626932,64004,60287238,60911
2018-04-04,11,Wed,63711837,64305,60575195,60755
2018-04-04,12,Wed,60332400,64094,58665303,60818
2018-04-04,13,Wed,43605454,62993,48427775,61005
2018-04-04,14,Wed,22186103,61305,28891893,60440
2018-04-04,15,Wed,13539147,60215,14703216,59548
2018-04-04,16,Wed,14329427,59653,14830227,59035
2018-04-04,17,Wed,13234280,59371,13457327,58870
2018-04-04,18,Wed,8145633,58748,8953321,58282
2018-04-04,19,Wed,7030987,58308,6870684,57701
2018-04-04,20,Wed,8227678,58117,8271956,57489
2018-04-04,21,Wed,6934061,58000,6986988,57418
2018-04-04,22,Wed,6921799,57905,6936727,57422
2018-04-04,23,Wed,6199947,57842,6286148,57375
2018-04-05,00,Thu,6224090,57773,6226276,57355
2018-04-05,01,Thu,6253898,57656,6014251,57257
2018-04-05,02,Thu,6102100,57531,6202146,57195
2018-04-05,03,Thu,5504693,57445,5583831,57124
2018-04-05,04,Thu,6305942,57402,6299456,57085
2018-04-05,05,Thu,7248819,57556,7098415,57199
2018-04-05,06,Thu,6389157,58116,6918492,57947
2018-04-05,07,Thu,7829851,58776,7715344,58474
2018-04-05,08,Thu,12659241,60898,11867980,60456
2018-04-05,09,Thu,40490101,63936,36138254,62890
2018-04-05,10,Thu,62482244,64683,57960414,61755
2018-04-05,11,Thu,62916310,64838,58992618,61289
2018-04-05,12,Thu,63289193,64792,59658632,61086
2018-04-05,13,Thu,56478528,64281,59947064,61403
2018-04-05,14,Thu,36922734,63021,43752049,61506
2018-04-05,15,Thu,20037830,61431,24051417,60652
2018-04-05,16,Thu,16449614,60411,17595344,59742
2018-04-05,17,Thu,13369346,59847,14132574,59354
2018-04-05,18,Thu,7637944,59068,8363029,58691
2018-04-05,19,Thu,7068157,58501,6868450,57842
2018-04-05,20,Thu,7848120,58324,7871909,57714
2018-04-05,21,Thu,6871429,58197,6944686,57640
2018-04-05,22,Thu,7540131,58037,7374884,57564
2018-04-05,23,Thu,7332367,57906,7493251,57484
2018-04-06,00,Fri,7407506,57767,7323665,57361
2018-04-06,01,Fri,7513651,57622,7671990,57291
2018-04-06,02,Fri,5874612,57454,6019334,57136
2018-04-06,03,Fri,5404684,57274,5198336,56978
2018-04-06,04,Fri,6257224,57149,6287091,56867
2018-04-06,05,Fri,7003971,57212,7120738,56967
2018-04-06,06,Fri,6504737,57815,6746048,57658
2018-04-06,07,Fri,7727673,58448,7709542,58190
2018-04-06,08,Fri,13223793,60594,12707685,60189
2018-04-06,09,Fri,41611222,63861,35960503,62680
2018-04-06,10,Fri,62541374,64619,58257492,61672
2018-04-06,11,Fri,63572039,64776,59712679,61246
2018-04-06,12,Fri,62887611,64667,62039098,61082
2018-04-06,13,Fri,54907634,64103,56446184,61287
2018-04-06,14,Fri,34592158,62791,41870617,61446
2018-04-06,15,Fri,18649500,61299,22451654,60612
2018-04-06,16,Fri,15620977,60392,16551807,59775
2018-04-06,17,Fri,12847107,59865,13759179,59431
2018-04-06,18,Fri,7674702,59061,8326194,58779
2018-04-06,19,Fri,6979220,58492,6758664,58222
2018-04-06,20,Fri,8136772,58307,8189823,58037
2018-04-06,21,Fri,6857195,58187,6888753,57956
2018-04-06,22,Fri,6779016,58083,6767566,57842
2018-04-06,23,Fri,6483372,57940,6559807,57712
2018-04-07,00,Sat,6575510,57797,6553917,57525
2018-04-07,01,Sat,6356306,57657,6420278,57410
2018-04-07,02,Sat,5878271,57516,5994012,57270
2018-04-07,03,Sat,5468966,57391,5518784,57157
2018-04-07,04,Sat,6383014,57257,6144421,56994
2018-04-07,05,Sat,7481853,57328,7616965,57111
2018-04-07,06,Sat,6362016,57854,6569055,57688
2018-04-07,07,Sat,8150246,58850,7999532,58539
2018-04-07,08,Sat,22917728,62181,19866549,61546
2018-04-07,09,Sat,56315324,64117,51423679,62236
2018-04-07,10,Sat,64638016,64345,61094497,60981
2018-04-07,11,Sat,63319181,64207,60282015,60634
2018-04-07,12,Sat,57578819,63635,59209085,60716
2018-04-07,13,Sat,36832538,62069,42659886,60491
2018-04-07,14,Sat,15447066,60075,20690116,59343
2018-04-07,15,Sat,7188911,58750,8525218,58235
2018-04-07,16,Sat,6407646,58090,6444109,57701
2018-04-07,17,Sat,6781615,57772,5265126,57327
2018-04-07,18,Sat,6093208,57532,6396005,56826
2018-04-07,19,Sat,6961349,54987,8143041,54901
2018-04-07,20,Sat,7995082,54805,8277535,54352
2018-04-07,21,Sat,6213878,54783,6294192,54362
2018-04-07,22,Sat,6292204,54752,6124885,54347
2018-04-07,23,Sat,5802233,54716,5884985,54385
2018-04-08,00,Sun,5969925,54626,6044017,54243
2018-04-08,01,Sun,5798352,54515,5626612,54143
2018-04-08,02,Sun,5347290,54346,5536447,54027
2018-04-08,03,Sun,5176833,54118,4987058,53792
2018-04-08,04,Sun,6358624,53847,6482474,53543
2018-04-08,05,Sun,7083310,53602,6988129,53313
2018-04-08,06,Sun,6009220,53344,5943727,53052
2018-04-08,07,Sun,6707129,53056,6692159,52773
2018-04-08,08,Sun,7279771,52846,7224530,52551
2018-04-08,09,Sun,7475544,52639,7520786,52356
2018-04-08,10,Sun,6978108,52516,7073552,52214
2018-04-08,11,Sun,6328545,52445,6389627,52133
2018-04-08,12,Sun,5496546,52369,5544431,52088
2018-04-08,13,Sun,5351910,52296,791343,51829
2018-04-08,15,Sun,4966920,52226,14855112,52171
2018-04-08,16,Sun,5855472,52186,5712639,51859
2018-04-08,17,Sun,6233011,52181,6332605,51887
2018-04-08,18,Sun,5891384,52125,5597601,51841
2018-04-08,19,Sun,6722031,52085,6588223,51823
2018-04-08,20,Sun,6903512,52082,7048183,51791
2018-04-08,21,Sun,6116238,52060,6119873,51786
2018-04-08,22,Sun,6004004,52057,6035974,51804
2018-04-08,23,Sun,5557278,52075,5595012,51770
2018-04-09,00,Mon,5589750,52075,5602807,51783
2018-04-09,01,Mon,5556137,52081,5557564,51778
2018-04-09,02,Mon,5437865,52085,5520011,51789
2018-04-09,03,Mon,5101584,52128,5075387,51827
2018-04-09,04,Mon,6410756,52216,6388175,51952
2018-04-09,05,Mon,6708490,52596,6807815,52326
2018-04-09,06,Mon,6140120,53475,6165635,53275
2018-04-09,07,Mon,7610086,54573,7760191,54284
2018-04-09,08,Mon,14649033,58209,13690042,57687
2018-04-09,09,Mon,44975262,62310,39694471,61012
2018-04-09,10,Mon,62706998,63341,59833414,60348
2018-04-09,11,Mon,64247183,63716,58742788,60090
2018-04-09,12,Mon,62397338,63716,60637598,60330
2018-04-09,13,Mon,48617192,63055,54742943,60871
2018-04-09,14,Mon,26114469,61498,31980004,60383
2018-04-09,15,Mon,14885949,60225,17252498,59607
2018-04-09,16,Mon,15209973,59587,15678527,58942
2018-04-09,17,Mon,12994422,59272,14031705,58826
2018-04-09,18,Mon,7907431,58649,8185875,58291
2018-04-09,19,Mon,7635023,58132,7554890,57838
2018-04-09,20,Mon,7830459,57949,7896884,57602
2018-04-09,21,Mon,6836620,57861,6835577,57556
2018-04-09,22,Mon,6543653,57706,6607828,57414
2018-04-09,23,Mon,6178811,57131,6292391,57287
2018-04-10,00,Tue,6414941,56913,6219162,56612
2018-04-10,01,Tue,6468353,56793,6603531,56494
2018-04-10,02,Tue,6023975,56656,5957316,56340
2018-04-10,03,Tue,5684092,56492,5527064,56185
2018-04-10,04,Tue,6913890,56363,7076965,56107
2018-04-10,05,Tue,7107202,56413,7085243,56121
2018-04-10,06,Tue,6694778,57025,7017925,56911
2018-04-10,07,Tue,7982649,57994,8132167,57697
2018-04-10,08,Tue,19619353,61131,18202633,60647
2018-04-10,09,Tue,53258881,63631,47041143,61945
2018-04-10,10,Tue,64841477,64063,61668794,60857
2018-04-10,11,Tue,64463956,64121,61584122,60642
2018-04-10,12,Tue,56344363,63576,56275959,60798
2018-04-10,13,Tue,33834016,62153,41524652,60773
2018-04-10,14,Tue,15652766,60557,19350026,59790
2018-04-10,15,Tue,11795369,59887,12896097,59381
2018-04-10,16,Tue,14655286,59547,14533738,58916
2018-04-10,17,Tue,12573148,59358,13383465,58981
2018-04-10,18,Tue,7924943,58766,8223044,58423
2018-04-10,19,Tue,7686245,58322,7558764,57977
2018-04-10,20,Tue,7743542,58206,7883527,57861
2018-04-10,21,Tue,6568767,58136,6537060,57818
2018-04-10,22,Tue,6368726,58054,6373310,57727
2018-04-10,23,Tue,6203949,57918,6246408,57578
2018-04-11,00,Wed,6296521,57838,6336915,57515
2018-04-11,01,Wed,6736472,57735,6742446,57434
2018-04-11,02,Wed,5831719,57634,5955913,57346
2018-04-11,03,Wed,5577601,57528,5569087,57262
2018-04-11,04,Wed,7444194,57424,7149619,57145
2018-04-11,05,Wed,7563217,57547,7752244,57264
2018-04-11,06,Wed,6905587,57972,7120604,57833
2018-04-11,07,Wed,7801305,58670,7730183,58419
2018-04-11,08,Wed,15693342,61315,15056877,61021
2018-04-11,09,Wed,47727641,63908,41559754,62609
2018-04-11,10,Wed,62980184,64384,59156348,61414
2018-04-11,11,Wed,64609828,64503,60777858,61040
2018-04-11,12,Wed,63268618,64383,62845047,61068
2018-04-11,13,Wed,52647219,63698,55483040,61382
2018-04-11,14,Wed,29597982,62109,37870536,61279
2018-04-11,15,Wed,15842965,60665,19065883,60256
2018-04-11,16,Wed,15593998,59947,15563183,59494
2018-04-11,17,Wed,12473339,59555,13914723,59418
2018-04-11,18,Wed,8031062,58922,8398062,58866
2018-04-11,19,Wed,7899591,56604,8029662,56553
2018-04-11,20,Wed,7379264,56491,7388594,56441
2018-04-11,21,Wed,6305782,56417,6423462,56395
2018-04-11,22,Wed,6395850,56321,6325097,56321
2018-04-11,23,Wed,5705335,56225,6273466,56244
